Gender,Age,Height,Weight,fam_hist_over-wt,FAVC,FCVC,NCP,CAEC,SMOKE,CH2O,SCC,FAF,TUE,CALC,MTRANS,Obesity_Level
1,31.662814,1.848965,98.912261,1,1,2.399531,2.623079,2,0,2.535127,0,1.030752,0.606264,1,0,6
0,34.281681,1.673333,77.205685,1,1,2.689929,1.835543,2,0,1.718569,0,0.674348,0.707246,2,0,6
1,22.889099,1.792533,116.157766,1,1,1.996646,3.0,2,0,2.0,0,1.600536,0.739684,1,3,3
0,27.0,1.55,62.0,0,1,3.0,1.0,2,0,1.0,0,1.0,0.0,1,3,5
1,17.412629,1.723191,97.350366,1,1,2.0,3.0,2,0,2.0,0,0.0,0.931721,2,3,2
1,19.789291,1.820643,85.0,1,1,3.0,3.0,2,0,2.759246,0,1.763277,0.453314,1,3,5
0,18.904037,1.743589,133.281333,1,1,3.0,3.0,2,0,2.684819,0,1.46525,0.804491,1,3,4
1,33.0,1.83,113.0,1,1,2.0,1.0,0,0,2.0,0,1.0,2.0,0,0,2
1,30.493946,1.756221,119.117122,1,1,2.619987,3.0,2,0,2.194746,0,1.076926,1.090995,1,0,3
0,37.471683,1.549812,76.082517,1,1,2.0,2.765213,2,0,1.551266,0,1.350001,0.0,1,0,2
0,17.0,1.65,67.0,1,1,3.0,1.0,2,0,2.0,0,1.0,1.0,2,4,1
1,39.0,1.79,90.0,0,0,2.0,1.0,2,0,2.0,0,0.0,0.0,1,3,6
0,17.767432,1.74379,50.0,0,1,1.344854,4.0,1,0,1.0,0,2.0,1.0,1,3,0
0,25.996716,1.62658,105.037203,1,1,3.0,3.0,2,0,2.347322,0,0.008013,0.503896,1,3,4
1,19.0,1.76,79.0,1,1,2.0,3.0,1,0,3.0,0,1.0,2.0,0,3,5
0,41.403862,1.567973,81.056851,1,1,2.152264,2.977999,2,0,1.513199,0,0.0,0.0,1,0,2
1,16.198153,1.691007,52.629374,0,1,2.0,2.000986,2,0,2.673835,0,0.99295,0.474836,1,3,0
0,26.0,1.631856,110.804337,1,1,3.0,3.0,2,0,2.70485,0,0.0,0.243338,1,3,4
0,21.001969,1.736215,132.145549,1,1,3.0,3.0,2,0,1.657541,0,1.672639,0.629285,1,3,4
1,21.0,1.62,70.0,0,1,2.0,1.0,3,0,3.0,0,1.0,0.0,1,3,5
0,26.0,1.610225,104.936381,1,1,3.0,3.0,2,0,1.322004,0,0.0,0.539876,1,3,4
1,21.0,1.76,78.0,1,1,3.0,1.0,2,0,2.0,0,3.0,0.0,1,4,5
1,29.721964,1.918859,129.991623,1,1,2.041376,3.0,2,0,1.120213,0,1.05545,0.0,1,3,3
1,19.96247,1.756338,54.98234,1,1,2.277436,3.502604,2,0,2.891713,0,1.696294,1.894902,2,3,0
0,21.0,1.52,42.0,0,0,3.0,1.0,1,0,1.0,0,0.0,0.0,1,3,0
0,18.13782,1.819728,151.278532,1,1,3.0,3.0,2,0,2.155926,0,1.999836,0.94603,1,3,4
1,18.216032,1.755507,52.0,1,1,3.0,3.0,1,0,2.0,0,0.658894,1.0,2,3,0
1,21.701643,1.896073,90.52446,1,1,2.427689,3.715306,2,0,2.876096,0,1.815768,0.426465,1,3,5
0,20.979254,1.75655,78.721696,1,1,2.0,3.0,2,0,2.813234,0,0.228753,2.0,0,3,5
0,21.571288,1.600914,68.058902,1,1,1.766849,3.322522,2,0,2.616285,0,0.943058,0.256977,1,3,5
0,37.955371,1.560648,80.0,1,1,2.846452,1.139317,2,0,1.459511,0,1.71807,0.0,1,0,2
0,27.0,1.55,62.877347,0,1,2.244142,1.704828,2,0,1.0,0,0.792929,0.395468,1,3,5
0,23.099906,1.571812,78.997166,1,1,2.0,1.0,2,0,2.0,0,0.402614,0.0,2,3,2
0,41.0,1.54,80.0,1,1,2.0,3.0,0,0,1.0,0,0.0,0.0,1,0,2
1,30.610436,1.783914,120.549592,1,1,2.05687,3.0,2,0,2.358088,0,0.093418,1.759954,1,0,3
1,27.0,1.83,71.0,1,1,2.0,3.0,2,0,2.0,0,3.0,2.0,2,0,1
1,23.47007,1.842906,121.142535,1,1,3.0,2.701689,2,0,2.738485,0,0.992253,0.0,1,3,3
0,18.0,1.456346,55.523481,0,1,2.0,3.0,2,0,1.040342,1,0.497373,1.783319,1,3,5
0,25.992898,1.638075,105.036522,1,1,3.0,3.0,2,0,2.419153,0,0.019404,0.597626,1,3,4
1,23.454558,1.754218,117.384745,1,1,1.617093,3.0,2,0,2.0,0,1.818052,0.631825,1,3,3
1,19.627,1.815409,85.302146,1,1,2.987148,3.483449,2,0,2.359246,0,2.060415,0.598999,1,3,5
0,19.725718,1.746529,129.363771,1,1,3.0,3.0,2,0,2.250711,0,0.64235,0.685129,1,3,4
0,19.029494,1.573987,44.316254,0,0,2.984004,3.0,1,0,1.015249,1,1.327833,0.0,1,3,0
1,31.571392,1.767485,120.158049,1,1,2.57691,3.0,2,0,2.080187,0,1.04268,0.376683,1,0,3
1,21.0,1.62,70.0,0,1,2.0,1.0,3,0,3.0,0,1.0,0.0,1,3,5
0,21.996118,1.730199,78.997062,1,1,2.277077,1.0,2,0,2.0,0,1.061743,0.0,1,3,5
1,23.0,1.7425,105.028665,1,1,2.393837,3.0,2,0,2.01499,0,0.978815,0.41322,1,3,2
1,30.188303,1.758382,112.10074,1,1,1.387489,3.0,2,0,2.017712,0,0.0,0.731257,1,0,3
0,18.634286,1.669354,126.088301,1,1,3.0,3.0,2,0,1.144539,0,0.922014,0.899673,1,3,4
0,19.758286,1.667404,49.125955,0,0,2.880792,3.281391,2,0,1.960131,0,1.513029,1.0,1,3,0
1,25.0,1.7,83.0,0,1,3.0,3.0,2,0,3.0,1,3.0,0.0,2,2,6
0,31.0,1.62,68.0,0,0,3.0,3.0,2,0,2.0,0,1.0,0.0,1,0,5
1,21.731497,1.696201,75.399191,1,1,2.109162,3.245148,2,0,1.971774,0,0.989335,0.0,1,3,5
1,18.0,1.7,90.0,0,1,3.0,3.0,2,0,2.0,0,2.0,0.0,1,3,2
0,22.0,1.68,52.0,0,1,3.0,3.0,1,0,2.0,0,0.0,1.0,2,3,0
0,23.712641,1.742901,132.8071,1,1,3.0,3.0,2,0,2.856795,0,1.046463,0.586163,1,3,4
1,22.200779,1.769328,105.000576,1,1,2.685484,3.0,2,0,2.649459,0,1.0,0.0,1,3,2
1,22.087389,1.786238,89.802492,1,1,1.718156,1.631184,2,0,2.0,0,0.0,0.306124,1,3,6
1,23.572648,1.698346,75.0,1,1,2.0,3.0,2,0,2.0,0,0.345684,1.415536,1,3,5
1,20.880161,1.674327,80.0,1,1,2.0,3.0,2,0,2.0,0,1.66639,1.443212,2,3,6
0,21.310907,1.72064,50.0,1,1,2.919584,3.697831,1,0,1.147121,0,0.993058,0.08922,2,3,0
1,20.027764,1.611434,103.175516,1,1,2.983042,1.109956,2,0,1.430444,0,0.0,1.690901,2,3,3
1,37.997912,1.76071,118.668332,1,1,2.611222,2.992083,2,0,1.796376,0,0.641954,0.20281,1,0,3
1,25.035915,1.763101,88.532032,1,1,1.973499,1.081805,2,0,2.0,0,0.0,0.464022,1,3,6
0,25.994949,1.593321,110.168166,1,1,3.0,3.0,2,0,2.447306,0,0.000454,0.486558,1,3,4
1,22.352025,1.754711,105.000706,1,1,2.871137,3.0,2,0,2.627569,0,1.0,0.0,1,3,2
0,21.837996,1.588046,44.236067,0,0,3.0,1.69608,1,0,2.550307,0,1.098862,0.0,2,3,0
1,17.0,1.62,69.0,1,1,3.0,1.0,0,0,2.0,1,1.0,2.0,1,3,5
1,17.888073,1.841879,60.0,1,1,3.0,3.732126,2,0,2.0,0,2.000934,0.384662,2,0,0
0,23.0,1.61082,82.532994,1,1,2.09663,2.879541,2,0,2.432967,0,1.887012,0.0,2,3,2
1,32.774488,1.913241,101.482054,1,1,2.0,2.110937,2,0,2.175632,0,1.0,0.0,1,4,6
1,17.729923,1.732862,51.216463,0,1,2.051283,2.645858,2,0,2.35752,0,0.291309,0.897942,1,3,0
0,33.0,1.56,48.0,1,0,2.0,3.0,2,0,2.0,0,1.0,0.0,1,3,1
0,25.951737,1.629442,104.835346,1,1,3.0,3.0,2,0,2.225139,0,0.035928,0.565315,1,3,4
0,18.0,1.62,50.0,0,1,3.0,3.0,2,0,1.0,0,0.0,0.0,1,0,1
1,20.013906,1.647821,106.509947,1,1,2.869778,1.468948,2,0,1.656082,0,0.0,1.444033,2,3,3
1,21.556361,1.773664,116.160329,1,1,2.0,3.0,2,0,2.0,0,1.399183,1.0,1,3,3
0,34.799519,1.689141,50.0,1,1,2.652779,3.804944,1,0,1.60114,0,0.174692,0.096982,2,3,0
0,20.254534,1.56948,41.324558,0,1,2.392665,1.0,1,0,1.0,0,0.0,0.738269,1,3,0
1,25.0,1.78,78.0,1,1,2.0,1.0,2,0,2.0,0,2.0,1.0,1,3,1
1,22.851773,1.752115,79.414603,1,1,3.0,1.0,2,0,2.0,0,2.315983,0.0,1,3,5
1,25.314589,1.787802,115.127662,1,1,1.588114,3.0,2,0,2.115967,0,1.541072,0.0,2,0,3
0,21.704699,1.787614,137.858254,1,1,3.0,3.0,2,0,2.531456,0,1.980738,0.835771,1,3,4
1,20.0,1.9,91.0,1,1,3.0,4.0,2,0,3.0,0,2.0,0.0,1,4,5
1,26.69858,1.816298,86.963765,0,1,2.341133,1.578521,2,0,2.0,0,2.0,0.554072,2,0,5
1,18.0,1.77,87.0,1,1,3.0,3.0,2,0,2.0,0,1.0,1.0,0,3,6
1,23.118327,1.677573,75.0,1,1,2.0,3.0,2,0,2.0,0,0.334579,1.905826,1,3,5
0,19.483036,1.53777,42.0,0,1,3.0,1.0,1,0,1.387531,0,0.0,0.466169,1,3,0
1,24.63474,1.829757,120.980508,1,1,2.644094,3.0,2,0,2.740525,0,2.0,0.500936,1,3,3
0,22.980221,1.724983,132.94066,1,1,3.0,3.0,2,0,2.085553,0,1.271651,0.587932,1,3,4
0,20.700876,1.68838,121.889803,1,1,3.0,3.0,2,0,1.353167,0,1.093679,0.534553,1,3,4
1,24.108711,1.7,80.761409,1,1,2.0,3.0,2,0,2.879402,0,0.0,0.322405,1,3,6
0,25.951979,1.661712,112.098616,1,1,3.0,3.0,2,0,2.961899,0,0.259424,0.080128,1,3,4
1,19.565496,1.705584,78.025625,1,0,1.936479,2.837388,2,0,2.159987,0,1.475772,0.646514,1,3,6
1,23.0,1.89,65.0,1,1,3.0,3.0,1,0,3.0,0,1.0,1.0,1,3,0
1,18.0,1.70653,51.121749,1,1,2.0,3.0,2,0,2.0,0,0.0,1.329237,1,3,0
1,21.20563,1.704573,80.0,1,1,2.0,3.0,2,0,2.0,0,2.847761,1.413375,2,3,6
0,19.0,1.61,53.8,1,1,2.0,3.0,0,0,2.0,0,2.0,1.0,1,3,1
1,24.000307,1.607939,100.618239,1,1,2.877743,1.311797,2,0,1.000463,0,0.182249,1.4312,2,3,3
1,18.0,1.803527,108.251044,1,1,2.0,1.709546,2,0,2.530157,0,1.0,0.6454,2,3,2
1,23.0,1.690196,75.0,1,1,2.620963,3.0,2,0,2.824559,0,0.754599,2.0,1,3,5
1,22.549208,1.629194,70.0,0,1,2.0,1.0,3,0,2.803311,0,0.245354,0.0,1,3,5
1,18.068767,1.787787,52.0,1,1,3.0,3.0,2,0,2.0,0,0.854337,1.0,1,3,0
0,38.384177,1.698626,78.637307,1,1,3.0,3.0,2,0,2.503198,0,0.0,0.0,2,0,6
0,40.0,1.55,62.0,1,0,3.0,3.0,2,0,3.0,0,0.0,0.0,1,0,5
0,22.239836,1.59994,65.423942,0,1,2.99448,3.0,2,0,1.706568,0,0.784216,0.150969,1,3,5
1,18.381382,1.722547,53.783977,1,1,2.0,3.131032,2,0,2.072194,0,1.487987,2.0,1,3,0
1,18.426619,1.777108,57.145917,1,1,2.0,3.092116,2,0,2.426465,0,2.0,1.839862,2,0,0
1,25.341399,1.786997,115.025361,1,1,1.99953,3.0,2,0,2.111908,0,1.453042,0.849503,1,3,3
0,21.0,1.67,75.0,1,1,2.0,3.0,2,0,2.0,0,1.0,0.0,1,3,5
1,19.97981,1.75336,54.997374,1,1,2.0,3.494849,2,0,2.976672,0,1.94907,2.0,2,3,0
0,18.83919,1.624831,69.975607,1,1,2.253998,2.752318,2,0,2.328331,0,0.815509,0.024088,2,3,5
0,23.76197,1.69135,114.480696,1,1,3.0,3.0,2,0,2.509535,0,0.334264,0.668172,1,3,4
0,24.17851,1.589027,80.553067,1,1,2.0,1.0,2,0,2.0,0,0.011477,0.0,2,3,2
1,21.0,1.610209,68.865008,0,1,1.910176,2.938135,3,0,2.943097,0,0.997202,0.207922,1,3,5
1,31.641081,1.676595,89.993812,1,1,2.934671,2.119682,2,0,2.041462,0,0.578074,0.0,1,0,2
1,18.164768,1.694265,52.0,1,1,3.0,3.0,1,0,2.0,0,0.819682,1.0,2,3,0
1,21.682636,1.818641,105.496975,1,1,2.078082,3.0,2,0,2.895614,0,0.06275,0.261793,1,3,2
0,34.369686,1.652202,77.13322,1,1,2.595128,1.619796,2,0,1.642251,0,0.662831,0.999268,2,0,6
0,21.106056,1.722884,92.949254,1,1,1.164062,3.0,2,0,1.157395,0,0.0,0.320851,1,3,2
1,18.0,1.707259,50.664459,1,1,1.786841,3.0,2,0,1.546856,0,0.512094,1.608265,1,3,0
0,22.591026,1.650012,87.676154,1,1,2.983851,1.068443,2,0,2.854161,0,1.103209,1.0,2,3,2
1,21.011124,1.856315,118.183797,1,1,2.0,3.0,2,0,3.0,0,0.788585,1.220029,1,3,2
0,18.850466,1.550053,72.9518,1,0,3.0,3.000974,2,0,2.0,0,2.274248,1.0,1,3,6
0,37.532066,1.615385,80.0,1,1,2.972426,3.0,2,0,1.636326,0,0.0,0.0,1,0,2
1,45.0,1.7,86.0,0,1,3.0,3.0,1,0,1.0,0,0.0,0.0,2,0,6
0,17.0,1.56,51.0,0,1,3.0,3.0,2,0,1.0,0,0.0,2.0,2,3,1
0,26.0,1.65,63.0,0,1,3.0,3.0,2,0,1.0,0,1.0,0.0,2,4,1
1,23.0,1.882779,64.106108,1,1,3.0,3.0,2,0,2.843777,0,1.488843,0.009254,1,0,0
0,18.0,1.670058,86.242679,1,1,2.609123,3.0,2,0,1.955053,0,1.186013,0.0,2,3,2
0,37.0,1.5,75.0,1,1,2.0,3.0,1,0,1.0,0,0.0,0.0,1,2,2
0,20.102241,1.816868,153.959945,1,1,3.0,3.0,2,0,2.414739,0,1.917014,0.927982,1,3,4
0,21.0,1.753578,77.97917,1,1,2.273548,2.39007,2,0,1.648404,0,0.874643,1.102696,1,3,5
1,19.0,1.85,65.0,1,0,2.0,3.0,2,0,3.0,0,2.0,1.0,1,1,1
1,29.0,1.66671,89.048151,1,1,1.897796,3.0,2,0,1.193039,0,0.011519,0.0,1,0,2
1,31.540751,1.828092,91.495718,1,1,2.0,2.698883,2,0,2.035104,0,0.598438,0.017016,1,0,6
0,20.0,1.62,52.0,0,1,3.0,3.0,1,0,1.0,0,3.0,1.0,2,0,1
0,18.0,1.6,58.0,1,1,2.0,3.0,2,0,3.0,0,3.0,0.0,2,3,1
1,25.883749,1.767077,114.133149,1,1,2.225731,3.0,2,0,2.154326,0,1.266866,0.390178,1,3,3
1,21.0,1.7,65.0,1,1,2.0,3.0,1,0,1.0,0,1.0,1.0,2,3,1
0,21.008051,1.65,88.126544,1,1,2.457547,1.00061,2,0,3.0,0,1.361533,1.0,2,3,2
1,17.405104,1.82525,58.913579,1,1,2.580872,3.887906,2,0,2.0,0,2.0,0.453649,2,0,0
1,18.0,1.784402,108.413119,1,1,2.0,2.475444,2,0,2.655795,0,1.0,0.169879,2,3,2
0,21.568951,1.699315,133.10761,1,1,3.0,3.0,2,0,1.733306,0,1.773304,0.921136,1,3,4
0,20.400053,1.529724,40.343463,0,1,2.703436,2.884479,2,0,1.439962,0,0.144627,0.322307,1,3,0
1,22.469351,1.762515,105.000097,1,1,2.282803,3.0,2,0,2.104264,0,1.0,0.0,1,3,2
0,26.0,1.656504,111.993054,1,1,3.0,3.0,2,0,2.893117,0,0.0,0.01931,1,3,4
1,25.539411,1.787052,115.428276,1,1,1.992889,3.0,2,0,2.141271,0,1.121038,0.0,1,3,3
0,18.297229,1.637396,70.0,1,1,2.0,1.999014,2,0,2.326165,0,0.00705,0.0,2,3,5
1,17.080493,1.782756,56.029418,1,1,2.0,4.0,2,0,2.28525,0,2.0,1.162801,2,0,0
0,36.631456,1.532322,62.417228,1,1,2.288604,2.845307,2,0,2.638164,0,0.0,0.990741,1,0,5
0,22.154854,1.481682,61.373868,1,0,2.0,2.983297,2,0,1.453626,0,0.32896,0.509396,2,3,6
0,19.0,1.564199,42.096062,0,1,3.0,1.894384,2,0,2.456581,1,1.596576,0.9974,2,3,0
1,24.178638,1.86741,121.684311,1,1,2.954417,2.65772,2,0,2.104696,0,0.870056,0.0,1,3,3
1,24.145295,1.82559,120.860386,1,1,2.403421,3.0,2,0,2.490613,0,2.0,0.707768,1,3,3
1,20.0,1.7,65.0,0,1,2.0,3.0,2,0,2.0,0,0.0,1.0,2,3,1
0,35.125401,1.529834,62.903938,0,1,2.0,2.105616,2,0,1.456581,0,0.0,0.9974,1,0,5
1,31.755387,1.775416,121.204668,1,1,2.758394,3.0,2,0,2.161303,0,0.428173,0.716327,1,0,3
1,33.0,1.85,93.0,1,1,2.0,3.0,2,0,1.0,0,1.0,1.0,1,4,6
0,18.306615,1.7456,133.03441,1,1,3.0,3.0,2,0,2.984323,0,1.586525,0.62535,1,3,4
1,23.335391,1.71338,82.085549,1,1,2.716909,2.598079,2,0,2.90545,0,1.600431,0.176892,1,3,6
0,17.0,1.58,50.0,0,1,1.0,4.0,1,0,2.0,0,1.0,2.0,1,3,1
0,22.0,1.65,58.0,1,1,3.0,4.0,1,0,2.0,0,1.0,0.0,1,3,1
1,26.0,1.83,82.0,0,1,2.0,3.0,0,0,2.0,0,1.0,1.0,1,3,1
0,23.0,1.65,59.0,0,0,3.0,1.0,2,0,2.0,0,1.0,2.0,1,3,1
0,18.0,1.63,63.0,1,1,1.0,3.0,2,0,2.0,0,2.0,2.0,1,3,1
0,21.0285,1.742364,78.664618,1,1,2.780699,1.101404,2,0,1.579207,0,1.153775,0.0,1,3,5
1,29.429687,1.910987,129.935666,1,1,2.200588,3.0,2,0,1.295697,0,1.058378,0.0,1,3,3
0,31.255587,1.69308,71.927379,1,1,2.615788,3.0,2,0,1.771781,0,0.759422,0.686529,1,0,5
1,20.914366,1.644751,101.067988,1,1,2.801992,1.343117,2,0,1.128942,0,0.233987,0.81998,2,3,3
1,25.15462,1.758398,112.089022,1,1,1.108663,3.0,2,0,2.0,0,1.230219,0.001716,1,0,3
1,23.0,1.753716,106.49141,1,1,2.740633,3.0,2,0,2.081005,0,0.650235,0.76906,1,3,2
1,25.058566,1.764484,113.234349,1,1,1.517912,3.0,2,0,2.038958,0,1.590255,0.00164,1,3,3
0,23.0,1.68,67.0,1,1,2.0,3.0,1,0,1.0,0,0.0,0.0,1,3,1
0,21.81119,1.6,66.401407,1,1,2.108711,3.0,2,0,2.746197,0,1.910432,0.0,1,3,5
1,21.0,1.8,73.0,1,1,1.0,3.0,0,0,2.0,0,3.0,1.0,1,3,1
0,32.593129,1.721903,72.748903,1,1,2.0,3.0,2,0,1.0,0,0.0,1.339232,1,0,5
1,33.0,1.85,97.92035,1,1,2.0,3.0,2,0,1.117464,0,1.0,0.663649,1,3,6
0,19.054938,1.585886,42.541794,0,0,2.910345,3.0,1,0,1.0,1,1.461005,0.0,1,3,0
1,19.993154,1.762073,55.511075,1,1,2.0,4.0,2,0,2.542415,0,2.0,1.807465,2,0,0
1,34.970367,1.713348,84.722222,1,1,2.884212,3.0,2,0,3.0,0,2.0,0.8324,2,0,6
0,18.988581,1.544263,41.535047,0,1,2.68601,1.0,2,0,1.310074,0,0.0,1.0647,1,3,0
0,26.0,1.61739,105.013901,1,1,3.0,3.0,2,0,1.292479,0,0.0,0.541309,1,3,4
1,23.0,1.65,67.0,1,1,2.0,3.0,2,0,2.0,0,1.0,1.0,1,3,1
0,38.0,1.64,59.8,1,1,2.0,3.0,2,0,2.0,0,2.0,0.0,2,3,1
1,21.0,1.82,72.0,1,1,1.0,3.0,1,0,3.0,0,2.0,0.0,1,3,1
1,28.363149,1.793476,112.725005,1,1,1.99124,3.0,2,0,2.0,0,0.0,0.292956,1,3,3
1,23.963649,1.792998,116.102615,1,1,1.994679,3.0,2,0,2.0,0,0.966617,0.739006,1,3,3
0,25.982261,1.629225,104.838425,1,1,3.0,3.0,2,0,2.556068,0,0.01682,0.58284,1,3,4
1,21.808159,1.65,80.0,1,1,2.0,3.0,2,0,2.0,0,0.826609,2.0,2,3,6
1,31.347497,1.868127,123.172214,1,1,2.585942,3.0,2,0,2.302506,0,0.597863,0.111925,1,3,3
1,17.0,1.844749,59.313525,1,1,2.432886,3.0,2,0,2.0,0,2.697949,1.0,2,0,0
0,19.783234,1.747962,133.936535,1,1,3.0,3.0,2,0,2.84174,0,1.429256,0.775378,1,3,4
0,18.976968,1.759091,133.903612,1,1,3.0,3.0,2,0,2.862408,0,1.456933,0.742423,1,3,4
0,25.748627,1.66877,104.774144,1,1,3.0,3.0,2,0,1.526416,0,0.180158,0.747909,1,3,4
0,21.0,1.52,42.0,0,1,3.0,1.0,1,0,1.0,0,0.0,0.0,1,3,0
1,31.335093,1.665798,89.738596,1,1,2.274164,1.049534,2,0,1.358172,0,1.482411,0.0,1,0,2
0,22.377998,1.699568,54.98774,1,1,3.0,3.0,1,0,2.0,0,0.139808,0.875464,2,3,0
1,22.705772,1.841989,122.024954,1,1,3.0,2.52751,2,0,1.645338,0,1.025438,0.0,1,3,3
1,22.429812,1.64037,70.0,0,1,2.0,1.0,3,0,2.069184,0,0.729898,0.0,1,3,5
1,23.0,1.791415,105.138073,1,1,2.262171,3.0,2,0,2.03415,0,0.317363,0.508663,1,3,2
1,22.0,1.61,67.0,1,0,2.0,4.0,2,0,3.0,1,2.0,2.0,1,3,5
1,24.408805,1.779547,118.740035,1,1,2.736298,2.992903,2,0,2.045561,0,0.854957,0.428452,1,3,3
1,21.0,1.712061,75.0,1,1,2.0,3.0,2,0,1.333707,0,1.0,0.0,1,3,5
1,18.274358,1.824655,58.621349,1,1,2.14084,4.0,2,0,2.931438,0,2.0,1.164457,2,0,0
0,17.099015,1.6,65.0,1,1,3.0,2.401341,2,0,2.0,1,0.663896,1.753745,1,3,5
0,18.0,1.6,55.0,0,1,2.0,4.0,1,0,2.0,0,2.0,1.0,1,3,1
0,19.045357,1.61291,82.193405,1,1,1.261288,2.930044,2,0,1.166655,0,0.133398,0.95174,2,3,2
0,18.951144,1.621048,72.105856,1,0,3.0,3.884861,2,0,2.0,0,1.0,1.0,1,3,6
0,18.0,1.57,48.0,1,1,3.0,1.0,0,0,1.0,0,1.0,0.0,2,3,1
1,38.0,1.75,75.0,1,0,3.0,3.0,1,0,1.0,0,2.0,1.0,2,0,1
0,18.052394,1.725233,75.970712,1,1,2.927409,3.0,2,0,2.209991,0,1.0,0.797215,0,3,5
1,24.06894,1.706912,85.743727,1,1,2.0,2.994198,2,0,2.747302,0,0.0,0.799756,1,3,6
0,22.989846,1.65,80.0,1,1,2.0,3.0,2,0,2.0,0,0.146919,2.0,2,3,6
0,25.919571,1.610488,102.174953,1,1,3.0,3.0,2,0,1.032834,0,0.04525,0.922749,1,3,4
1,41.0,1.75,118.0,1,1,2.0,3.0,2,0,2.0,0,0.0,0.0,1,1,3
1,31.457413,1.87407,128.867444,1,1,2.956297,3.0,2,1,1.2751,0,0.901924,1.875023,1,0,3
0,22.679454,1.62826,82.967937,1,1,2.274491,1.0,2,0,2.2695,0,0.946461,1.73107,1,3,2
0,26.0,1.600905,110.074946,1,1,3.0,3.0,2,0,2.555189,0,0.0,0.462973,1,3,4
1,19.97166,1.822573,85.084364,1,1,2.995599,3.095663,2,0,2.568157,0,2.7243,0.330457,1,3,5
0,21.832995,1.580964,65.363941,0,1,2.021446,3.0,2,0,1.077917,0,0.523847,0.808599,1,3,5
0,26.0,1.631332,111.829957,1,1,3.0,3.0,2,0,2.55975,0,0.0,0.237307,1,3,4
0,21.238416,1.763847,133.937873,1,1,3.0,3.0,2,0,2.836791,0,1.46782,0.890527,1,3,4
1,18.0,1.750097,86.372141,1,1,2.907062,3.0,2,0,2.740848,0,1.219827,0.037634,1,3,6
1,16.0,1.82,71.0,1,1,2.0,3.0,1,0,2.0,0,2.0,1.0,1,3,1
0,22.867719,1.655413,50.424661,1,1,3.0,3.642802,1,0,1.995177,0,0.118271,0.065515,2,3,0
1,23.252906,1.775815,97.813023,1,1,2.0,3.0,2,0,3.0,0,3.0,2.0,2,3,2
0,26.0,1.632377,111.946655,1,1,3.0,3.0,2,0,2.737091,0,0.0,0.037078,1,3,4
1,30.976932,1.755333,118.237782,1,1,2.938616,3.0,2,0,2.06039,0,0.371508,1.333559,1,0,3
0,19.94814,1.530884,39.371523,0,1,1.522001,3.0,2,0,1.98126,0,2.306844,0.720454,1,3,0
0,19.528936,1.817917,142.559161,1,1,3.0,3.0,2,0,2.562002,0,1.976427,0.740331,1,3,4
1,23.0,1.72,70.0,0,0,2.0,3.0,2,0,2.0,0,3.0,1.0,0,3,1
0,18.0,1.647971,68.818893,1,1,2.0,1.411685,2,0,1.859089,0,0.0,1.306,2,3,5
1,18.0,1.74,64.0,0,0,3.0,3.0,2,0,2.0,1,0.0,1.0,2,3,1
1,32.787101,1.903832,99.812443,1,1,2.0,1.863012,2,0,2.196471,0,1.0,0.0,1,0,6
0,19.027574,1.659877,77.272652,1,1,2.061461,2.812283,2,0,3.0,0,0.362441,0.78519,1,3,6
0,21.0,1.6,68.0,1,1,2.0,3.0,2,0,3.0,0,1.0,0.0,1,3,5
1,23.0,1.735659,93.429205,1,1,2.0,3.0,2,0,1.249307,0,0.973465,1.0,2,3,2
0,22.970655,1.751691,55.967655,1,1,2.478891,3.371832,1,0,2.004126,0,2.0,0.327376,2,3,0
1,19.0,1.75,58.0,0,1,2.0,3.0,2,0,2.0,0,2.0,0.0,1,1,1
0,36.0,1.63,80.0,1,0,3.0,3.0,2,0,1.0,0,0.0,0.0,1,0,2
0,20.924956,1.752531,133.618706,1,1,3.0,3.0,2,0,2.887659,0,1.480919,0.779641,1,3,4
0,25.765628,1.627839,108.10736,1,1,3.0,3.0,2,0,2.320068,0,0.045246,0.413106,1,3,4
0,23.252457,1.589616,65.127324,0,1,2.286146,2.961113,2,0,2.657303,0,1.91108,1.618227,1,3,5
0,43.591999,1.595165,77.354744,1,1,2.0,3.0,2,0,2.117346,0,0.0,0.0,2,0,2
0,23.779235,1.553127,78.0,1,1,2.0,1.0,2,0,2.0,0,0.827502,0.0,2,3,2
0,38.397463,1.552648,80.0,1,1,2.667676,1.135278,2,0,1.399629,0,1.648883,0.0,1,0,2
0,21.501721,1.809871,152.394739,1,1,3.0,3.0,2,0,2.351207,0,0.246831,0.91336,1,3,4
0,18.0,1.64,56.0,1,1,3.0,3.0,1,0,1.0,1,1.0,1.0,2,3,1
0,26.0,1.622418,110.676343,1,1,3.0,3.0,2,0,2.691584,0,0.0,0.425473,1,3,4
1,18.026457,1.752123,80.0,1,1,2.0,2.794156,2,0,2.377362,0,0.101236,0.105895,2,3,5
0,19.621545,1.566524,61.616,0,1,2.908757,2.696051,2,0,1.622827,1,0.539952,0.001096,1,3,5
1,20.534089,1.861358,115.39792,1,1,2.0,3.0,2,0,3.0,0,0.987591,1.914531,1,3,2
0,33.700749,1.642971,74.803157,1,0,3.0,1.146052,2,0,1.074048,0,0.679935,0.0,1,0,5
1,25.955361,1.830384,105.479313,1,1,3.0,3.0,2,0,2.480277,0,1.796779,1.596562,1,3,2
0,24.0,1.7,80.0,1,1,2.0,3.0,2,0,3.0,0,0.0,0.0,2,3,6
0,21.413498,1.7199,133.886031,1,1,3.0,3.0,2,0,2.41752,0,1.556155,0.873936,1,3,4
0,21.0,1.66,64.0,1,1,1.0,3.0,2,0,1.0,0,0.0,0.0,2,3,1
0,20.0,1.54,39.0,1,1,1.0,3.0,2,0,2.0,0,3.0,2.0,1,3,0
1,21.027662,1.726774,82.853749,1,1,2.265973,2.687502,2,0,2.0,0,2.21722,0.648522,1,3,6
1,20.0,1.83,72.0,1,0,3.0,3.0,2,1,1.0,0,2.0,1.0,1,3,1
1,25.136116,1.76414,113.089716,1,1,1.168856,3.0,2,0,2.013205,0,1.246223,0.00159,1,3,3
0,26.0,1.648143,111.950113,1,1,3.0,3.0,2,0,2.786417,0,0.0,0.079673,1,3,4
0,22.87795,1.66913,86.002736,1,1,2.290095,2.590283,2,0,2.506296,0,0.312254,1.0,2,3,2
1,18.0,1.759721,86.0805,1,1,2.882522,3.0,2,0,2.452986,0,1.0,0.746651,1,3,6
0,26.0,1.640606,111.036881,1,1,3.0,3.0,2,0,2.709428,0,0.0,0.228486,1,3,4
0,18.0,1.55,56.0,0,1,2.0,3.0,2,0,1.0,0,0.0,0.0,2,0,1
0,20.074449,1.810427,152.217135,1,1,3.0,3.0,2,0,2.299156,0,1.699056,0.729722,1,3,4
0,17.823438,1.708406,50.0,0,1,1.642241,3.45259,2,0,1.099231,0,0.418875,1.0,1,3,0
1,28.404332,1.787379,112.173731,1,1,1.878251,3.0,2,0,2.022933,0,0.0,0.325445,1,0,3
1,18.0,1.74,70.0,0,1,2.0,3.0,2,0,2.0,0,1.0,1.0,1,3,1
1,20.9859,1.780503,103.189532,1,1,2.0,3.0,2,0,1.608128,0,0.478134,0.0,2,3,2
0,26.0,1.631547,111.588625,1,1,3.0,3.0,2,0,2.554007,0,0.0,0.252635,1,3,4
1,30.684347,1.915,129.966428,1,1,2.108638,3.0,2,1,1.014876,0,0.987521,0.047473,1,3,3
0,26.0,1.622771,109.959714,1,1,3.0,3.0,2,0,2.679137,0,0.0,0.479348,1,3,4
0,25.976209,1.614484,104.999403,1,1,3.0,3.0,2,0,1.237557,0,0.083675,0.543761,1,3,4
0,33.864257,1.679299,77.355417,1,1,2.76802,2.137068,2,0,1.873591,0,0.966973,0.691944,2,0,6
0,27.757187,1.505437,63.892071,1,0,2.0,1.0,2,0,1.278578,0,0.02112,0.0,2,3,6
1,23.0,1.701584,75.093569,1,1,3.0,3.205009,2,0,2.643468,0,0.998039,1.898139,1,3,5
1,20.677105,1.781251,102.950929,1,1,2.0,3.0,2,0,1.618189,0,0.571648,0.0,2,3,2
0,38.148845,1.557808,79.661693,1,1,2.0,3.0,2,0,1.274774,0,0.0,0.0,1,0,2
1,21.0,1.8,72.0,0,1,3.0,3.0,2,0,2.0,0,1.0,1.0,2,3,1
0,22.209706,1.593847,44.050251,0,0,3.0,2.99321,1,0,2.702783,0,1.967234,0.0,2,3,0
0,20.670975,1.509408,64.852953,1,0,2.294067,3.209508,2,0,2.0,0,1.103088,1.261043,2,3,6
0,26.0,1.633945,111.9307,1,1,3.0,3.0,2,0,2.682804,0,0.0,0.15171,1,3,4
0,18.0,1.622241,68.250249,1,1,2.0,1.010319,2,0,1.319437,0,0.0,1.626456,2,3,5
0,19.955257,1.5891,72.713611,1,0,3.0,3.856434,2,0,2.0,0,1.32417,1.0,1,3,6
0,26.0,1.633887,111.878132,1,1,3.0,3.0,2,0,2.621976,0,0.0,0.123861,1,3,4
1,20.432717,1.719342,80.790813,1,1,2.215464,2.116195,2,0,1.80996,0,1.910577,0.971746,2,3,6
0,24.565628,1.62093,81.718232,1,1,2.260543,1.374791,2,0,1.947935,0,0.0,0.078607,2,3,2
1,17.362129,1.80671,59.243506,1,1,2.424977,4.0,2,0,2.0,0,2.0,0.03921,2,0,0
1,21.142432,1.855353,86.413388,1,1,2.0,3.0,2,0,1.345298,0,1.097905,1.0,1,3,5
1,24.733308,1.639383,91.267087,1,1,1.036159,3.0,2,0,1.0,0,0.344013,0.329367,1,0,2
0,17.420269,1.489409,53.620604,0,1,1.836554,1.865238,2,0,2.0,1,0.320209,1.969507,1,3,5
0,25.908431,1.607128,103.026858,1,1,3.0,3.0,2,0,1.077253,0,0.162083,0.824607,1,3,4
1,17.210933,1.819557,58.325122,1,1,2.5596,4.0,2,0,2.0,0,2.0,0.331483,2,0,0
0,39.170029,1.688354,79.278896,1,1,3.0,3.0,2,0,2.994515,0,0.0,0.0,2,0,6
1,30.520854,1.784049,120.644178,1,1,2.499108,3.0,2,0,2.040952,0,0.838739,0.489854,1,0,3
0,21.0,1.618148,68.981403,1,1,1.142468,3.0,3,0,2.197732,0,0.827506,0.572877,1,3,5
1,26.0,1.74,80.0,0,0,2.0,3.0,2,0,2.0,0,2.0,0.0,2,0,5
1,20.0,1.83,66.0,0,0,2.0,3.0,2,0,2.0,0,1.0,1.0,2,3,1
1,20.0,1.8,75.0,0,1,3.0,4.0,0,0,3.0,0,2.0,0.0,1,3,1
1,26.271621,1.660955,90.0,1,1,2.0,3.0,2,0,3.0,0,0.669278,0.505266,1,0,2
0,16.270434,1.818268,47.124717,0,1,3.0,3.286431,2,0,2.148146,0,2.458237,1.273333,1,3,0
0,18.862264,1.746277,128.705761,1,1,3.0,3.0,2,0,2.411582,0,0.985287,0.675076,1,3,4
0,20.843363,1.521008,67.083121,1,0,2.493448,3.0,2,0,1.849997,0,0.954459,1.444532,2,3,6
1,19.114981,1.855543,88.965521,1,1,2.0,3.0,2,0,1.015677,0,0.0,0.37465,1,3,5
1,17.0,1.66,56.0,1,1,1.0,3.0,0,0,2.0,0,1.0,1.0,1,3,1
0,23.647935,1.681394,114.479459,1,1,3.0,3.0,2,0,2.435978,0,0.232742,0.692608,1,3,4
1,17.469417,1.798645,59.612717,1,1,2.336044,4.0,2,0,2.0,0,2.0,0.133005,2,0,0
1,23.668137,1.777416,97.842406,1,1,2.0,3.0,2,0,3.0,0,3.0,2.0,2,3,2
0,18.312665,1.60074,82.249831,1,1,2.501236,3.0,2,0,1.220331,0,0.245003,0.537202,2,3,2
1,23.0,1.62,53.0,1,1,2.0,3.0,2,0,2.0,0,1.0,1.0,1,3,1
1,22.0,1.74,75.0,1,1,3.0,3.0,1,0,1.0,0,1.0,0.0,2,0,1
1,23.745833,1.756772,117.326523,1,1,1.537505,3.0,2,0,2.0,0,1.631912,0.631422,1,3,3
0,28.0,1.7,73.0,1,0,2.0,3.0,1,0,2.0,1,2.0,0.0,1,4,5
1,23.319635,1.84629,121.248035,1,1,3.0,2.695396,2,0,2.628816,0,0.975384,0.0,1,3,3
1,40.50021,1.748103,108.308112,1,1,2.317459,3.734323,2,0,1.0,0,1.628637,0.0,2,0,3
1,23.801436,1.855779,86.098523,1,1,2.0,2.372339,2,0,1.675733,0,1.066241,1.0,1,0,5
0,17.0,1.6,53.0,0,1,1.0,3.0,2,0,1.0,0,2.0,2.0,1,4,1
0,22.176922,1.71746,51.491957,1,1,2.486189,3.0,1,0,1.064378,0,2.206055,1.958089,2,3,0
1,19.0,1.8,60.0,0,1,2.0,3.0,2,0,1.0,0,1.0,1.0,2,3,1
0,21.853826,1.755643,137.796884,1,1,3.0,3.0,2,0,2.184707,0,1.978631,0.838957,1,3,4
0,23.0,1.63,82.0,1,1,2.0,1.0,2,0,2.0,0,0.0,0.0,2,3,2
0,21.082384,1.486484,60.117993,1,0,2.0,1.104642,2,0,1.0,0,0.0,0.969097,2,3,6
1,23.0,1.718981,81.66995,1,1,2.0,1.729553,2,0,1.400247,0,0.887923,1.011983,1,3,6
1,21.929387,1.698049,75.0,1,1,2.0,3.0,2,0,2.763573,0,1.502711,0.127879,1,3,5
1,21.0,1.81,80.0,0,0,1.0,3.0,3,0,2.0,0,2.0,0.0,2,3,1
1,19.703095,1.704141,78.790936,1,0,1.650505,3.0,2,0,2.0,0,1.73234,1.0,1,3,6
1,26.0,1.72,65.0,1,1,2.0,3.0,2,0,2.0,0,0.0,1.0,1,4,1
1,29.791101,1.703317,102.592171,1,1,2.654792,1.077331,2,0,1.345407,0,0.327418,0.386861,2,3,3
1,19.329542,1.767335,55.700497,1,1,2.0,4.0,2,0,2.157395,0,2.0,1.679149,2,0,0
0,39.965474,1.739293,80.914382,0,1,2.416044,3.196043,2,0,1.352649,0,0.148628,1.08266,1,0,5
1,18.0,1.86,110.0,1,1,2.0,1.0,2,1,2.0,0,1.0,2.0,1,3,2
1,18.0,1.72,55.0,0,1,2.0,4.0,2,0,2.0,0,2.0,1.0,1,3,1
1,20.0,1.98,125.0,1,1,2.0,3.0,0,0,3.0,0,1.0,1.0,1,3,2
0,25.311534,1.685482,113.451224,1,1,3.0,3.0,2,0,2.987718,0,0.387074,0.283804,1,3,4
0,22.0,1.73,79.0,1,1,2.0,1.0,2,0,2.0,0,1.0,0.0,1,3,5
0,52.0,1.69,87.0,1,1,3.0,1.0,2,1,2.0,0,0.0,0.0,2,0,2
1,21.81119,1.71266,51.598593,1,1,3.0,3.156153,1,0,1.253803,0,0.544784,0.256382,2,3,0
1,29.827481,1.899588,124.269251,1,1,2.048962,3.0,2,0,2.822871,0,1.066169,0.0,1,3,3
0,32.383858,1.640688,46.655622,1,1,3.0,3.11158,1,0,2.721769,0,1.44287,0.0,2,3,0
0,24.475242,1.694726,112.776612,1,1,3.0,3.0,2,0,2.724099,0,0.336795,0.153462,1,3,4
1,19.089595,1.700164,99.204695,1,1,2.0,2.119826,2,0,2.0,0,0.0,1.882539,2,3,2
1,24.0,1.75,84.0,0,1,3.0,3.0,3,0,2.0,1,1.0,0.0,1,3,6
0,18.744914,1.801983,138.034526,1,1,3.0,3.0,2,0,2.691591,0,1.168368,0.735372,1,3,4
1,23.32471,1.769484,96.078462,1,1,2.0,3.0,2,0,3.0,0,3.0,2.0,2,3,2
1,25.994746,1.811602,106.042142,1,1,3.0,3.0,2,0,2.858171,0,1.813318,0.680215,1,3,2
1,28.493397,1.817572,120.8158,1,1,2.969233,3.0,2,0,2.807984,0,0.982134,1.191998,1,3,3
0,32.278869,1.64602,74.147443,1,1,2.885178,2.562895,2,0,1.017006,0,0.588673,0.916291,1,0,5
0,40.466313,1.559005,77.601483,1,1,2.0,3.0,2,0,1.572371,0,0.0,0.0,1,0,2
1,26.0,1.7,70.0,1,0,3.0,1.0,1,0,2.0,0,2.0,0.0,0,3,1
0,17.0,1.6,65.0,0,1,3.0,1.0,2,0,2.0,1,1.0,2.0,1,3,5
0,40.993179,1.567756,79.493626,1,1,2.0,3.0,2,0,2.952506,0,0.0,0.0,2,0,2
0,35.432059,1.663178,80.135167,1,1,2.0,3.0,2,0,1.992548,0,0.039207,1.528714,2,0,6
0,20.0,1.58,53.0,1,1,2.0,4.0,1,0,2.0,0,1.0,1.0,2,3,1
0,34.0,1.68,75.0,0,1,3.0,1.0,2,0,1.0,0,0.0,0.0,1,0,5
1,19.337404,1.859927,87.105828,1,1,2.21232,4.0,2,0,2.374044,0,2.0,0.622638,1,3,5
1,19.108796,1.768578,87.803311,1,1,2.754646,3.0,2,0,2.957821,0,2.242754,0.786609,1,3,6
0,23.0,1.6,52.0,0,1,2.0,4.0,1,0,2.0,0,2.0,1.0,1,0,1
0,19.364339,1.80835,150.51648,1,1,3.0,3.0,2,0,2.305574,0,1.734424,0.863043,1,3,4
1,26.358919,1.755317,82.228794,1,1,1.94313,3.559841,2,0,2.367996,0,0.23553,0.879977,1,3,5
1,19.0,1.7,50.0,0,1,1.0,4.0,1,0,1.0,0,2.0,1.0,1,3,0
1,19.0,1.71,71.0,0,1,3.0,3.0,2,0,2.0,0,1.0,1.0,1,3,1
0,21.680123,1.749118,133.955091,1,1,3.0,3.0,2,0,2.827773,0,1.412357,0.901071,1,3,4
1,20.0,1.65,58.0,0,1,2.0,3.0,2,0,2.0,0,3.0,1.0,1,3,1
1,21.0,1.62,70.0,0,1,2.0,1.0,3,0,3.0,0,1.0,0.0,1,3,5
0,18.086772,1.65,82.13682,1,1,3.0,3.0,2,0,1.0,0,1.02975,1.350099,1,3,2
0,26.0,1.629191,104.826776,1,1,3.0,3.0,2,0,2.654702,0,0.0,0.555468,1,3,4
0,22.980957,1.700216,80.473587,1,1,2.0,2.815255,2,0,1.622214,0,0.463891,1.462664,2,3,6
0,20.801791,1.721476,131.042274,1,1,3.0,3.0,2,0,1.837184,0,1.525165,0.926443,1,3,4
1,23.432227,1.754996,119.087557,1,1,1.631144,3.0,2,0,2.0,0,1.593183,0.86374,1,3,3
1,30.421596,1.819296,122.137917,1,1,2.0,3.0,2,0,1.984323,0,0.793262,0.0,1,3,3
0,34.231083,1.654067,79.697278,1,1,2.086898,1.818026,2,0,2.088929,0,0.305422,1.040787,2,0,6
0,20.0,1.57,60.0,0,1,3.0,3.0,2,0,3.0,0,0.0,1.0,1,3,1
1,27.0,1.834986,99.083478,1,1,2.760607,1.0,2,0,1.336378,0,1.898889,0.487375,1,3,6
0,25.907833,1.623113,102.555691,1,1,3.0,3.0,2,0,1.063422,0,0.051097,0.543118,1,3,4
1,22.0,1.74,94.0,1,1,2.0,3.0,2,0,2.0,0,0.0,0.0,1,3,2
0,21.962426,1.57206,43.919835,0,0,3.0,1.600812,1,0,2.651258,0,0.600817,0.0,2,3,0
0,18.301773,1.808765,140.292018,1,1,3.0,3.0,2,0,2.830247,0,1.783138,0.789064,1,3,4
0,18.469086,1.741925,133.017105,1,1,3.0,3.0,2,0,2.474518,0,1.560261,0.662489,1,3,4
1,23.367212,1.853223,87.083266,1,1,2.0,1.097312,2,0,1.328835,0,1.264257,1.0,1,0,5
0,39.214514,1.580765,62.631382,1,1,2.487167,3.0,2,0,2.396977,0,0.577063,0.435072,1,0,5
1,17.0,1.848294,59.409018,1,1,2.44004,3.0,2,0,2.0,0,2.784471,1.0,2,0,0
1,33.185661,1.836007,97.416417,1,1,2.0,1.724887,2,0,3.0,0,1.0,0.0,1,0,6
1,18.721041,1.775626,80.113493,1,1,1.687569,2.756405,2,0,2.079131,0,2.931527,0.68173,2,3,5
0,41.318302,1.544937,77.053948,1,1,2.0,3.0,2,0,2.090413,0,0.0,0.0,1,0,2
1,19.515324,1.879144,112.932984,1,1,2.0,2.152733,2,0,2.53369,0,0.917563,1.285838,1,3,2
1,25.426457,1.836592,118.377601,1,1,1.84199,3.0,2,0,2.503244,0,1.226019,0.078207,1,3,3
1,37.207082,1.762921,118.40174,1,1,2.13683,2.993084,2,0,1.885926,0,0.615298,0.0,1,0,3
1,31.398281,1.919543,101.544589,1,1,2.0,1.005391,2,0,2.001936,0,1.0,0.0,1,3,6
1,22.591439,1.65,80.0,1,1,2.0,3.0,2,0,2.0,0,0.451078,2.0,2,3,6
0,26.0,1.624576,110.803117,1,1,3.0,3.0,2,0,2.704827,0,0.0,0.269577,1,3,4
0,38.542937,1.517248,79.843221,1,1,2.0,3.0,2,0,1.095134,0,0.0,0.0,1,0,2
1,33.749594,1.701387,107.025415,1,1,2.561638,2.87747,2,0,1.0,0,1.980401,0.0,2,0,3
1,28.825279,1.815347,120.399758,1,1,2.9673,3.0,2,0,2.530035,0,1.045107,0.947866,1,0,3
0,20.954955,1.759358,55.01045,1,1,2.971574,3.592415,1,0,2.894678,0,2.0,1.009632,2,3,0
1,21.0,1.693628,75.0,1,1,2.0,3.0,2,0,1.833055,0,1.0,0.0,1,3,5
0,18.656912,1.574017,41.220175,0,1,1.649974,1.513835,2,0,1.549974,0,0.227802,1.972926,1,3,0
1,30.361365,1.75853,111.635463,1,1,1.263216,3.219347,2,0,1.981782,0,0.482625,0.0,1,0,3
0,21.125098,1.767479,56.265959,1,1,2.371338,3.998766,1,0,2.263466,0,2.0,0.844004,2,3,0
0,26.0,1.641601,111.830924,1,1,3.0,3.0,2,0,2.552388,0,0.0,0.196288,1,3,4
1,22.0,1.7,70.0,1,1,2.0,3.0,2,0,1.0,0,0.0,1.0,1,0,1
1,23.260061,1.849003,121.414744,1,1,3.0,2.595126,2,0,2.054072,0,0.835271,0.0,1,3,3
1,21.0,1.8,75.0,1,1,3.0,3.0,1,0,1.0,0,2.0,0.0,1,3,1
0,28.830558,1.7,78.0,1,1,3.0,3.0,2,0,1.699971,0,1.727114,1.0,0,0,6
0,17.25813,1.600184,65.0,1,1,2.749629,2.298612,2,0,2.0,1,0.547515,1.619473,1,3,5
1,18.0,1.806827,108.829395,1,1,2.0,1.24884,2,0,2.416213,0,1.0,1.546738,2,3,2
1,23.0,1.76,90.0,0,1,3.0,3.0,2,0,1.0,0,0.0,0.0,2,3,6
1,21.0,1.676014,75.0,1,1,2.0,3.0,2,0,1.164062,0,1.0,0.0,1,3,5
0,23.0,1.665199,83.15115,1,1,2.928234,1.458507,2,0,2.777379,0,0.354541,1.707018,2,3,2
1,19.795269,1.758972,87.861431,1,1,2.332074,3.0,2,0,2.999495,0,2.405963,0.441502,1,3,6
1,19.0,1.78,64.0,0,1,2.0,3.0,2,0,1.0,0,1.0,0.0,2,3,1
0,26.208134,1.7,78.041338,1,1,2.784383,3.0,2,0,2.165605,0,0.855973,0.839659,0,0,6
0,25.930376,1.610086,102.38745,1,1,3.0,3.0,2,0,1.050564,0,0.026033,0.539074,1,3,4
1,23.0,1.7,69.0,0,1,3.0,1.0,1,0,1.0,0,2.0,1.0,1,3,1
1,22.0,1.691303,80.539,1,1,2.0,2.038373,2,0,2.0,0,2.70825,1.506576,1,3,6
1,24.190896,1.7,84.849349,1,1,2.0,3.0,2,0,2.056053,0,0.0,1.0,1,3,6
0,18.0,1.649439,84.897738,1,1,2.0,3.0,2,0,1.039313,0,1.0,0.0,2,3,2
1,22.0,1.65,56.0,0,0,3.0,3.0,2,0,3.0,0,2.0,0.0,1,3,1
0,22.547298,1.722461,51.881263,1,1,2.663421,3.0,1,0,1.04111,0,0.794402,1.391948,2,3,0
1,38.0,1.75,75.0,1,0,3.0,3.0,1,0,1.0,0,3.0,1.0,2,0,1
1,21.0,1.709561,75.0,1,1,2.0,3.0,2,0,1.636326,0,1.0,0.0,1,3,5
0,23.0,1.65,80.0,1,1,2.0,3.0,0,0,2.0,0,0.0,2.0,2,3,6
0,21.210732,1.716497,130.871127,1,1,3.0,3.0,2,0,1.301657,0,1.718543,0.947884,1,3,4
1,21.196152,1.65,88.472359,1,1,2.4277,1.001633,2,0,3.0,0,1.172641,1.0,2,3,2
0,19.071027,1.756865,49.699672,0,1,1.69427,3.266644,2,0,1.095417,0,2.0,1.0,1,3,0
1,17.052914,1.710616,99.860254,1,1,2.0,3.0,2,0,2.0,0,0.067491,0.894105,2,3,2
1,32.895637,1.783901,103.771371,1,1,2.902469,1.734762,2,0,2.600238,0,2.113992,0.584755,1,0,2
1,34.821442,1.805459,90.13868,1,1,2.0,1.80993,2,0,2.174835,0,0.340915,0.020153,1,0,6
0,25.930376,1.608808,102.083964,1,1,3.0,3.0,2,0,1.019684,0,0.026033,1.0,1,3,4
0,20.345161,1.534385,41.96525,0,1,2.88853,1.0,1,0,1.0,0,0.0,0.196224,1,3,0
1,22.754646,1.734237,95.0,1,1,2.0,3.0,2,0,2.287248,0,2.669179,1.237867,2,3,2
0,22.0,1.61,63.0,1,1,3.0,3.0,1,0,3.0,0,1.0,0.0,2,3,1
1,26.047077,1.74595,80.018571,1,1,1.993101,3.171082,2,0,2.364498,0,1.224743,0.022245,1,3,5
0,21.207423,1.707508,121.864326,1,1,3.0,3.0,2,0,1.615548,0,1.376534,0.926052,1,3,4
1,28.986237,1.758618,113.501549,1,1,2.320201,3.0,2,0,2.164784,0,0.0,1.465479,1,0,3
0,19.0,1.59,49.0,1,1,2.0,1.0,3,0,2.0,0,2.0,0.0,2,3,1
0,25.0,1.61,61.0,0,0,2.0,3.0,2,0,1.0,0,2.0,1.0,1,3,1
0,24.0,1.77,76.0,0,0,2.0,3.0,2,0,3.0,0,1.0,1.0,1,4,1
0,19.0,1.67,64.0,0,1,3.0,3.0,2,0,2.0,0,2.0,1.0,1,0,1
0,26.0,1.632983,111.157811,1,1,3.0,3.0,2,0,2.638896,0,0.0,0.224559,1,3,4
1,23.0,1.712556,75.480764,1,1,3.0,3.654061,2,0,1.229915,0,0.793489,1.597608,1,3,5
1,21.0,1.62,70.0,0,1,2.0,1.0,3,0,3.0,0,1.0,0.0,1,3,5
0,24.317607,1.586751,79.109029,1,1,2.0,1.0,2,0,2.0,0,0.852446,0.0,2,3,2
0,35.483601,1.647514,73.91692,1,0,3.0,2.725012,2,0,1.62244,0,0.902661,0.0,1,0,5
0,18.53084,1.573816,39.850137,0,1,1.21498,1.717608,2,0,1.179942,0,0.684739,2.0,1,3,0
1,41.0,1.8,92.0,1,1,2.0,1.0,1,0,3.0,0,1.0,0.0,1,0,6
0,37.642177,1.676095,79.079738,1,1,2.802128,3.0,2,0,1.744628,0,0.0,0.721167,2,0,6
1,23.887569,1.657995,90.0,1,1,2.0,3.0,2,0,3.0,0,0.603638,0.969085,2,3,2
0,26.0,1.65632,111.93301,1,1,3.0,3.0,2,0,2.774014,0,0.0,0.138418,1,3,4
1,21.353237,1.709731,95.032177,1,1,2.0,2.973476,2,0,2.0,0,0.0,1.331527,2,3,2
1,18.0,1.742819,86.565148,1,1,3.0,3.0,2,0,2.0,0,2.040816,0.860321,1,3,6
0,21.330178,1.747987,147.296186,1,1,3.0,3.0,2,0,2.336349,0,1.4164,0.711724,1,3,4
0,18.0,1.686904,90.004046,1,1,2.737149,3.0,2,0,1.997195,0,1.352663,0.468483,1,3,2
1,27.0,1.7,78.0,0,1,3.0,3.0,2,0,3.0,0,1.0,1.0,0,3,6
0,21.0,1.55,58.0,0,1,2.0,1.0,2,0,1.0,0,1.0,0.0,1,3,1
1,18.0,1.76,70.0,1,1,2.0,4.0,1,0,2.0,0,2.0,1.0,1,0,1
0,19.058511,1.662017,49.838965,0,1,1.4925,3.0,2,0,1.049134,0,2.0,1.0,1,3,0
0,21.022206,1.73995,135.693381,1,1,3.0,3.0,2,0,1.663213,0,1.094035,0.786665,1,3,4
1,18.525525,1.856633,59.258372,1,1,2.592247,3.304123,2,0,2.036764,0,2.038653,1.119877,2,0,0
1,24.186273,1.794827,120.919703,1,1,2.611847,2.749334,2,0,2.364849,0,1.141708,0.063005,1,3,3
1,29.633715,1.834842,105.19936,1,1,2.805533,3.0,2,0,1.882847,0,2.0,0.70778,1,0,2
1,23.0,1.68,60.0,0,0,2.0,4.0,1,0,2.0,0,0.0,0.0,2,4,1
0,21.798856,1.672007,49.980968,1,1,2.979383,3.0,1,0,2.975887,0,0.945093,1.241755,2,3,0
1,26.032416,1.824432,105.131956,1,1,3.0,3.0,2,0,2.110611,0,1.890907,1.58483,1,3,2
0,18.603496,1.681719,90.671871,1,1,1.524428,3.0,2,0,1.383831,0,0.130417,1.0,1,3,2
0,23.0,1.63,55.0,1,0,3.0,3.0,3,0,2.0,1,2.0,1.0,2,3,1
1,21.0,1.66,62.0,1,1,2.0,3.0,2,1,2.0,0,1.0,1.0,0,3,1
0,22.0,1.5,49.0,1,0,2.0,1.0,2,0,2.0,0,3.0,0.0,2,4,1
1,18.0,1.7,55.0,1,1,2.0,3.0,1,0,2.0,0,0.0,0.0,1,3,1
1,33.049121,1.708742,83.001642,1,1,2.0,1.171027,2,0,2.405172,0,2.300282,0.0,2,0,6
0,22.829681,1.616085,82.582954,1,1,2.663866,1.416309,2,0,2.379275,0,0.256323,0.598244,2,3,2
0,19.17614,1.666194,124.805868,1,1,3.0,3.0,2,0,1.228838,0,0.792553,0.639561,1,3,4
1,19.084317,1.851123,61.264785,1,1,3.0,3.994588,2,0,2.548527,0,1.285976,0.267076,1,0,0
0,20.0,1.5,44.0,0,1,2.0,3.0,2,0,1.0,0,0.0,0.0,1,0,1
1,40.973007,1.749405,109.908779,1,1,2.176317,2.986637,2,0,1.015672,0,0.94141,0.0,2,0,3
0,17.082867,1.640824,43.365005,0,1,2.815157,3.0,2,0,2.911187,0,2.595128,1.380204,1,3,0
0,19.462713,1.550122,69.936073,1,0,2.501683,3.394788,2,0,1.337378,0,0.932888,1.0,2,3,6
0,22.847618,1.669136,85.568385,1,1,2.074843,1.773916,2,0,2.428271,0,0.035091,1.0,2,3,2
1,25.526746,1.783381,115.347176,1,1,2.191429,3.0,2,0,2.102709,0,1.32534,0.380979,1,3,3
1,26.758516,1.80179,86.981202,0,1,2.652958,2.488189,2,0,2.0,0,2.0,0.096614,2,0,5
0,21.287999,1.555778,42.3601,0,0,2.318355,1.082304,1,0,1.220365,0,0.033328,0.0,2,3,0
0,17.0,1.6,59.0,0,1,2.0,3.0,2,0,2.0,0,1.0,2.0,2,3,1
1,31.205668,1.877732,127.161381,1,1,2.731368,3.0,2,1,1.486824,0,1.485978,1.150439,1,3,3
0,19.035557,1.682594,127.427458,1,1,3.0,3.0,2,0,1.441289,0,1.425712,0.662277,1,3,4
0,18.0,1.644682,68.392133,1,1,2.0,1.131695,2,0,1.344539,0,0.0,1.59257,2,3,5
1,22.882558,1.793451,89.909259,1,1,1.899116,2.375026,2,0,1.39854,0,0.0,1.365793,1,3,6
0,16.0,1.6,57.0,0,1,3.0,3.0,2,0,1.0,0,3.0,0.0,2,3,1
0,37.597953,1.62901,80.0,1,1,2.450784,2.952821,2,0,1.335192,0,0.180276,0.0,1,0,2
0,18.0,1.668555,85.607466,1,1,2.081238,3.0,2,0,1.18363,0,1.17177,0.0,2,3,2
1,17.689057,1.713599,83.285753,1,1,2.009952,2.716106,2,0,1.660614,0,1.0,0.60473,1,3,6
1,19.21638,1.812472,86.748295,1,1,2.0,3.0,2,0,2.168651,0,0.977998,0.142638,1,3,5
0,21.285965,1.72692,131.335786,1,1,3.0,3.0,2,0,1.796267,0,1.728332,0.897924,1,3,4
1,18.0,1.788459,51.552595,0,1,2.897899,3.0,2,0,1.835545,0,1.162519,1.0,1,3,0
1,33.151905,1.685127,83.986895,1,1,2.0,2.473911,2,0,2.452789,0,0.932792,0.0,2,0,6
1,20.242237,1.75633,54.567343,1,1,2.0,3.98525,2,0,2.654078,0,2.113151,2.0,2,3,0
0,25.291974,1.684768,104.821175,1,1,3.0,3.0,2,0,1.444379,0,0.224482,0.912187,1,3,4
1,19.858973,1.62,69.575315,0,1,2.185938,1.0,3,0,2.81353,0,1.0,1.110222,1,3,5
0,20.530998,1.74647,133.644711,1,1,3.0,3.0,2,0,2.896088,0,1.612741,0.77319,1,3,4
0,33.0,1.59,60.0,0,1,3.0,1.0,1,0,2.0,0,0.0,0.0,2,3,1
0,20.0,1.6,57.0,0,0,3.0,3.0,0,0,2.0,0,1.0,0.0,2,4,1
1,23.0,1.65,58.5,1,0,2.0,3.0,2,0,2.0,0,0.0,0.0,2,3,1
0,19.007177,1.690727,49.895716,0,1,1.212908,3.207071,2,0,1.029703,0,2.0,1.0,1,3,0
0,16.950499,1.603501,65.0,1,1,2.96008,1.0,2,0,2.0,1,0.736032,1.344072,2,3,5
1,21.997335,1.65,80.0,1,1,2.0,3.0,2,0,2.0,0,0.527341,2.0,2,3,6
1,23.172982,1.858624,88.675503,1,1,2.0,2.77684,2,0,1.278231,0,0.55713,1.0,1,0,5
0,18.0,1.45,53.0,0,1,2.0,3.0,1,0,2.0,1,1.0,2.0,0,3,5
0,24.163526,1.64603,49.839685,1,1,3.0,3.590039,1,0,2.7305,0,0.107078,0.0,2,3,0
0,23.0,1.65,90.0,1,1,2.0,3.0,2,0,3.0,0,0.0,1.0,2,3,2
0,19.0,1.51,59.0,1,1,3.0,3.0,1,0,1.0,0,1.0,2.0,1,4,5
0,21.635977,1.748106,133.259033,1,1,3.0,3.0,2,0,1.931163,0,1.562213,0.926565,1,3,4
0,18.945961,1.605469,82.039,1,1,2.76533,3.0,2,0,1.048584,0,0.192559,0.720411,2,3,2
0,42.31607,1.583943,81.936398,1,1,2.490507,2.974204,2,0,1.846754,0,0.0,0.0,2,0,2
0,19.407204,1.520862,42.0,0,1,3.0,1.0,1,0,1.848703,0,0.0,0.744555,1,3,0
1,30.200946,1.755926,112.289883,1,1,2.317734,3.0,2,0,2.152736,0,0.0,1.108145,2,0,3
0,22.0,1.675446,51.154201,1,1,3.0,3.0,1,0,2.815293,0,1.978631,1.0,2,3,0
1,22.018228,1.627396,70.0,0,1,2.0,1.0,3,0,2.976177,0,0.780117,0.0,1,3,5
1,22.658572,1.784994,113.714521,1,1,1.760038,3.0,2,0,2.003531,0,1.089061,0.072264,1,3,3
1,25.717522,1.673491,103.706181,1,1,2.668949,1.134321,2,0,1.279443,0,0.11243,1.135503,2,3,3
0,21.0,1.55,49.0,1,1,2.0,3.0,2,0,3.0,0,3.0,1.0,1,3,1
0,21.700748,1.789555,137.767787,1,1,3.0,3.0,2,0,2.832659,0,1.505775,0.923005,1,3,4
1,34.0,1.84,88.0,0,1,3.0,3.0,2,0,1.0,1,2.0,0.0,2,0,5
1,31.86893,1.75,118.102897,1,1,2.139196,3.0,2,0,2.04843,0,0.368026,0.360986,1,0,3
0,26.0,1.608283,105.359688,1,1,3.0,3.0,2,0,2.476002,0,0.0,0.546345,1,3,4
1,22.0,1.75,74.0,1,0,2.0,3.0,2,0,2.0,0,1.0,2.0,1,1,1
1,18.0,1.792239,108.244379,1,1,2.0,2.141839,2,0,2.939847,0,1.0,0.103056,1,3,2
1,24.825393,1.603501,101.038263,1,1,2.996186,1.134042,2,0,1.270166,0,0.073065,1.551934,2,3,3
1,23.147644,1.815514,120.337664,1,1,2.996717,2.791366,2,0,2.626309,0,1.194898,0.034897,1,3,3
1,32.0,1.75,120.0,1,0,3.0,3.0,2,0,3.0,0,0.0,2.0,2,0,3
0,18.0,1.704193,50.631889,0,1,2.0,3.0,2,0,2.0,0,0.0,1.525597,1,3,0
1,25.0,1.71,71.0,1,1,2.0,3.0,1,0,2.0,0,0.0,0.0,1,2,1
0,21.0,1.54,47.0,1,0,3.0,3.0,0,0,1.0,0,2.0,0.0,2,3,1
1,23.0,1.8,90.0,1,1,1.0,3.0,0,0,2.0,0,0.0,2.0,0,3,6
0,21.566815,1.748533,133.94608,1,1,3.0,3.0,2,0,2.833566,0,1.413239,0.862724,1,3,4
0,26.0,1.624099,109.978402,1,1,3.0,3.0,2,0,2.523793,0,0.0,0.383953,1,3,4
0,21.0,1.65,88.0,1,1,3.0,1.0,2,0,3.0,0,2.0,1.0,2,3,2
0,25.706285,1.585547,80.351263,1,1,2.0,1.0,2,0,2.0,0,0.0,0.0,1,3,2
1,21.052016,1.69382,99.530971,1,1,2.0,1.672751,2,0,2.0,0,0.0,1.946173,2,3,2
1,27.0,1.880992,99.623778,1,1,2.684528,1.0,2,0,1.05668,0,1.516147,0.084006,1,3,6
0,38.939448,1.738321,86.934846,0,1,2.843709,3.058539,2,0,1.130079,0,2.834373,0.044954,1,0,5
1,23.881938,1.829971,121.04172,1,1,2.684335,2.711238,2,0,2.732331,0,1.156024,0.442456,1,3,3
0,20.438478,1.805803,153.149491,1,1,3.0,3.0,2,0,2.387991,0,0.850715,0.656491,1,3,4
0,21.274628,1.737453,50.479039,1,1,3.0,3.489918,1,0,1.326694,0,0.791929,0.128394,2,3,0
0,38.445148,1.556028,77.684229,1,1,2.0,3.0,2,0,1.440629,0,0.0,0.0,1,0,2
0,18.0,1.62,55.0,1,1,2.0,3.0,1,0,1.0,0,1.0,1.0,2,3,1
1,23.0,1.774644,105.966894,1,1,2.312825,3.0,2,0,2.073497,0,0.614466,0.579541,1,3,2
1,28.393111,1.685462,99.540122,1,1,2.774562,2.301129,2,0,1.0,0,1.621733,0.138314,2,3,3
0,19.931667,1.653209,49.026214,0,0,2.530066,3.0,2,0,1.965237,0,2.0,1.0,1,3,0
1,20.0,1.83,85.0,1,0,3.0,3.0,2,0,3.0,1,3.0,0.0,1,0,5
1,44.0,1.6,80.0,1,0,2.0,3.0,2,1,3.0,0,0.0,0.0,2,2,2
0,21.0,1.754497,77.956921,1,1,2.446872,2.372311,2,0,1.81031,0,0.094893,1.650778,1,3,5
1,24.511445,1.852664,121.310257,1,1,2.906269,2.894142,2,0,2.435489,0,1.266739,0.36216,1,3,3
1,30.0,1.8,91.0,1,1,2.0,3.0,1,0,2.0,0,0.0,0.0,1,3,6
0,18.0,1.6,56.0,1,1,2.0,1.0,0,0,2.0,0,1.0,0.0,1,4,1
1,21.679158,1.741393,98.182498,1,1,2.0,2.978103,2,0,2.668261,0,2.462269,1.402414,2,3,2
1,25.027254,1.757154,112.200812,1,1,1.264234,3.0,2,0,2.0,0,1.333435,0.002168,1,3,3
1,33.0816,1.705617,83.016968,1,1,2.0,2.7976,2,0,2.991671,0,2.148738,0.0,2,0,6
0,18.078256,1.622999,82.403076,1,1,2.340405,3.0,2,0,1.655245,0,1.006884,0.548539,2,3,2
1,30.605464,1.754796,118.805937,1,1,2.907542,3.0,2,0,2.284494,0,0.647632,1.668318,1,0,3
1,34.543563,1.765188,85.0,1,1,2.694281,3.0,2,0,2.653831,0,1.96582,0.891189,2,0,6
0,21.768153,1.76416,133.888629,1,1,3.0,3.0,2,0,2.32502,0,1.441791,0.918468,1,3,4
0,19.275687,1.623377,82.851318,1,1,1.276858,2.918124,2,0,1.403784,0,0.552511,1.560402,1,3,2
0,21.909534,1.611356,68.06609,1,1,1.834155,3.995957,2,0,2.632871,0,1.236114,1.980875,1,3,5
0,25.95774,1.62414,102.233445,1,1,3.0,3.0,2,0,1.067716,0,0.030541,1.0,1,3,4
0,21.979769,1.6,66.126964,1,1,2.213135,3.0,2,0,2.046766,0,2.172546,0.0,1,3,5
0,37.441044,1.524293,76.202761,1,1,2.0,2.994046,2,0,1.603549,0,1.335857,0.0,1,0,2
0,20.520992,1.668642,124.704781,1,1,3.0,3.0,2,0,1.15635,0,0.786828,0.366385,1,3,4
1,17.120699,1.809251,58.968994,1,1,2.524428,4.0,2,0,2.0,0,2.0,0.03838,2,0,0
0,18.0,1.6,51.0,1,1,2.0,3.0,1,0,1.0,0,1.0,1.0,1,3,1
1,29.740496,1.820471,87.668828,0,1,3.0,3.0,2,0,1.174611,0,2.0,0.0,2,0,5
1,25.300208,1.765258,114.330023,1,1,1.562804,3.0,2,0,2.075493,0,1.553734,0.000436,1,3,3
1,25.758307,1.766547,115.45845,1,1,2.203962,3.0,2,0,2.15687,0,1.289421,1.220767,1,3,3
0,16.0,1.55,45.0,0,1,2.0,3.0,1,0,2.0,0,1.0,1.0,2,3,1
1,17.971786,1.754441,85.002884,1,1,2.765769,3.0,2,0,2.845134,0,1.0,0.42683,1,3,6
1,28.377958,1.766946,113.235538,1,1,2.314175,3.0,2,0,2.151809,0,0.0,1.578517,1,0,3
0,19.993565,1.792833,152.43563,1,1,3.0,3.0,2,0,2.365188,0,1.256115,0.760091,1,3,4
1,23.912387,1.774983,119.081804,1,1,2.425503,2.996834,2,0,2.017602,0,1.580263,0.531769,1,3,3
1,18.0,1.6,58.0,1,1,2.0,3.0,1,0,2.0,0,1.0,0.0,1,3,1
1,18.181821,1.662669,79.863546,1,0,2.492758,2.270163,2,0,1.992586,0,1.452467,0.864583,2,3,6
0,26.0,1.637725,111.208963,1,1,3.0,3.0,2,0,2.70914,0,0.0,0.110518,1,3,4
0,26.0,1.633195,111.883747,1,1,3.0,3.0,2,0,2.619517,0,0.0,0.140368,1,3,4
0,23.71259,1.588597,62.339003,0,1,2.39728,2.656588,2,0,2.061062,0,1.912981,1.887386,1,3,5
0,22.637018,1.703584,51.607091,1,1,2.55996,3.0,1,0,1.990788,0,0.486006,1.561272,2,3,0
0,19.47219,1.793824,160.935351,1,1,3.0,3.0,2,0,2.069257,0,1.986646,0.947091,1,3,4
1,39.569004,1.785286,100.431625,1,1,2.871768,1.792695,2,0,2.691322,0,2.545707,0.903903,0,0,2
1,26.945139,1.773259,118.154345,1,0,2.18354,3.0,2,0,2.277937,0,0.68183,0.0,1,0,3
0,23.0,1.5,55.0,1,1,3.0,3.0,2,0,2.0,0,1.0,0.0,1,2,1
0,37.455752,1.508908,63.183846,1,1,2.048582,1.047197,2,0,2.0,0,0.15136,0.22596,1,0,5
0,22.667596,1.718939,75.951472,1,1,2.0,3.0,1,0,2.0,0,0.0,2.0,1,3,5
0,23.0,1.75,56.0,0,0,3.0,3.0,1,0,2.0,0,2.0,0.0,1,3,0
0,20.590046,1.736276,130.927138,1,1,3.0,3.0,2,0,1.852692,0,1.46361,0.962336,1,3,4
0,25.919241,1.611462,102.093223,1,1,3.0,3.0,2,0,1.023328,0,0.05093,1.0,1,3,4
0,20.744839,1.667852,49.803921,1,1,2.977018,3.193671,1,0,2.482933,0,2.0,1.0,2,3,0
1,18.0,1.782722,108.044313,1,1,2.0,2.655265,2,0,2.297896,0,1.0,0.552665,2,3,2
0,26.0,1.650125,111.939671,1,1,3.0,3.0,2,0,2.770732,0,0.0,0.125235,1,3,4
0,21.008297,1.723587,131.929712,1,1,3.0,3.0,2,0,1.683448,0,1.645532,0.858059,1,3,4
1,19.671876,1.699474,78.0,1,0,1.925064,2.358298,2,0,2.774043,0,0.0,0.133566,2,3,6
1,18.0,1.87,67.0,1,1,3.0,3.0,1,0,3.0,1,1.0,1.0,1,0,1
1,26.787842,1.817641,87.107317,0,1,2.971588,2.743277,2,0,1.394883,0,2.0,0.470243,2,0,5
0,19.911246,1.530248,68.85097,1,0,2.258795,3.53009,2,0,1.172186,0,0.678943,1.0,2,3,6
0,19.0,1.6,45.0,0,0,3.0,3.0,3,0,3.0,1,2.0,0.0,2,4,0
0,26.0,1.627532,106.69053,1,1,3.0,3.0,2,0,2.569713,0,0.0,0.396972,1,3,4
1,30.424369,1.699354,100.176866,1,1,2.819934,1.91863,2,0,1.0,0,1.39302,0.553311,2,3,3
1,23.975685,1.840039,120.975489,1,1,2.598207,2.849347,2,0,2.006167,0,1.52001,0.295685,1,3,3
0,40.0,1.561109,62.871794,1,1,2.948248,3.0,2,0,2.429911,0,0.11964,0.360193,1,0,5
0,26.0,1.622468,110.400847,1,1,3.0,3.0,2,0,2.695094,0,0.0,0.413474,1,3,4
0,18.766033,1.579561,41.890204,0,1,2.027574,1.0,2,0,1.636326,0,0.0,1.906141,1,3,0
1,23.0,1.835643,58.854416,1,1,3.0,3.0,2,0,2.027984,0,1.661556,0.114716,1,0,0
0,16.910997,1.74823,49.928447,0,1,2.494451,3.56544,2,0,1.491268,0,1.951027,0.956204,1,3,0
1,25.447208,1.65891,104.548794,1,1,2.859097,1.340361,2,0,1.530508,0,0.174475,1.261705,2,3,3
1,41.0,1.75,115.806977,1,1,2.0,2.701521,2,0,1.142644,0,0.514225,0.0,2,0,3
1,19.637203,1.814182,85.301029,1,1,2.923916,3.335876,2,0,2.372444,0,1.305633,0.311436,1,3,5
0,20.908785,1.700996,126.490236,1,1,3.0,3.0,2,0,1.242832,0,0.530925,0.575969,1,3,4
1,21.00829,1.621412,70.0,0,1,2.0,1.0,3,0,2.795651,0,0.80873,0.0,1,3,5
0,37.832949,1.610867,80.0,1,1,2.036613,1.81698,2,0,1.93059,0,1.851404,0.0,1,0,2
0,23.421726,1.755467,133.478611,1,1,3.0,3.0,2,0,2.843782,0,1.302507,0.773807,1,3,4
1,29.0,1.62,89.0,1,1,1.0,3.0,2,0,1.0,0,0.0,0.0,1,3,2
1,29.687488,1.909198,129.679131,1,1,2.08868,3.0,2,0,1.520215,0,1.857351,0.0,1,3,3
0,25.293202,1.503379,64.342459,1,0,2.0,1.0,2,0,1.639807,0,0.072117,0.0,2,3,6
0,26.0,1.613574,107.012256,1,1,3.0,3.0,2,0,2.678779,0,0.0,0.508848,1,3,4
0,18.947102,1.518917,60.267427,0,1,2.838037,2.737571,2,0,1.144467,1,0.753782,1.286844,1,3,5
1,29.883021,1.779049,112.438508,1,1,2.065752,3.0,2,0,2.078297,0,0.0,0.677354,1,0,3
1,26.740655,1.863883,120.202596,1,1,2.247795,3.0,2,0,2.816015,0,0.712726,0.0,1,3,3
1,20.0,1.6,50.0,0,0,2.0,3.0,2,0,1.0,0,0.0,0.0,1,3,1
0,19.434709,1.525691,42.0,0,1,3.0,1.0,1,0,1.764055,0,0.0,0.560887,1,3,0
1,37.936044,1.785957,99.199287,1,1,2.04516,1.874532,2,0,2.856521,0,2.005286,0.105408,1,0,2
1,27.0,1.85,75.0,1,1,2.0,1.0,2,0,2.0,0,1.0,0.0,2,4,1
0,38.378056,1.67805,77.224574,1,1,2.444599,3.0,2,0,1.029798,0,0.0,0.0,2,0,6
1,27.394123,1.764138,112.323213,1,1,1.924632,3.0,2,0,2.006595,0,0.1768,0.511694,1,0,3
1,17.0,1.8,58.0,0,1,2.0,3.0,1,0,2.0,0,2.0,1.0,2,4,0
0,19.027417,1.588147,73.939268,1,0,3.0,3.362758,2,0,2.0,0,2.892922,1.0,1,3,6
1,30.357745,1.841852,93.614246,1,1,2.045027,2.946063,2,0,1.307563,0,1.442485,0.934493,1,3,6
0,19.408999,1.670552,49.804245,0,1,2.794197,3.409363,2,0,1.543021,0,2.0,1.0,1,3,0
0,61.0,1.65,66.0,0,1,3.0,3.0,0,0,2.0,0,1.0,1.0,0,3,1
1,18.0,1.75,70.0,0,1,3.0,4.0,2,0,2.0,0,1.0,1.0,2,3,1
0,20.519916,1.725548,49.815599,1,0,2.890535,3.90779,1,0,1.109115,0,1.548953,0.555468,2,3,0
0,25.908829,1.607734,102.305767,1,1,3.0,3.0,2,0,1.030501,0,0.06582,0.991473,1,3,4
1,19.524698,1.942725,121.657979,1,1,2.0,3.0,2,0,3.0,0,1.0,1.014808,1,3,2
0,20.951084,1.708581,131.274851,1,1,3.0,3.0,2,0,1.796956,0,1.684582,0.887388,1,3,4
1,22.730414,1.758687,89.673648,1,1,2.164062,2.983201,2,0,2.168904,0,0.752926,0.0,1,3,6
0,19.314964,1.661403,49.932199,0,1,2.205439,3.0,2,0,1.530531,0,2.0,1.0,1,3,0
1,31.315593,1.673352,90.0,1,1,2.19011,2.029858,2,0,2.348981,0,1.946907,0.0,1,0,2
0,16.613108,1.777929,44.762023,0,1,2.911877,3.098399,2,0,2.196405,0,2.328147,1.55011,1,3,0
1,29.409825,1.801224,108.15619,1,1,2.385502,2.883984,2,0,2.140544,0,1.144876,1.767468,1,0,2
1,21.856301,1.87199,115.627554,1,1,2.0,2.358455,2,0,2.515765,0,0.98232,1.157466,1,3,2
1,31.490699,1.773521,120.209711,1,1,2.777165,3.0,2,0,2.106861,0,0.925941,0.2916,1,0,3
1,21.033794,1.625891,70.0,0,1,2.0,1.0,3,0,2.00876,0,0.63119,0.0,1,3,5
1,23.884212,1.713825,83.952968,1,1,2.0,2.6648,2,0,1.810738,0,0.80989,1.0,1,3,6
1,34.243146,1.843172,92.69551,1,1,2.0,2.271734,2,0,2.629043,0,1.0,0.075823,1,0,6
0,16.129279,1.65,85.583485,1,1,2.954996,3.0,2,0,1.0,0,2.091862,1.06053,2,3,2
1,21.052894,1.694633,75.0522,1,1,2.178889,3.563744,2,0,1.853991,0,0.997731,0.0,1,3,5
1,22.944349,1.799742,89.98168,1,1,1.34138,1.94671,2,0,2.0,0,0.0,0.975504,1,3,6
1,33.009285,1.741192,84.773349,1,1,2.0,3.0,2,0,2.035954,0,1.210736,0.0,2,0,6
0,26.0,1.62495,111.00492,1,1,3.0,3.0,2,0,2.704315,0,0.0,0.322666,1,3,4
1,17.039058,1.799902,95.419668,1,1,2.0,3.0,2,0,3.0,0,1.04729,0.933802,1,3,6
1,24.041043,1.613491,98.490766,1,1,3.0,2.120936,2,0,1.0,0,1.543386,0.890213,2,3,3
1,18.0,1.76,68.0,0,0,2.0,4.0,1,0,2.0,0,1.0,1.0,1,3,1
0,22.226815,1.609068,83.785312,1,1,2.094184,2.735706,2,0,2.257922,0,2.230547,0.195339,2,3,2
1,30.62865,1.766975,118.363376,1,1,2.964319,3.0,2,0,2.377257,0,0.614959,1.875023,1,0,3
0,23.0,1.630357,83.1011,1,1,2.977585,1.630506,2,0,2.839319,0,1.091474,0.889517,2,3,2
0,21.165574,1.617749,68.908136,1,1,1.188089,3.269088,2,0,2.039535,0,0.779686,1.043108,1,3,5
1,29.906575,1.913252,129.232216,1,1,2.02472,3.0,2,0,1.800335,0,1.196368,0.0,1,3,3
1,17.0,1.69,60.0,0,0,2.0,3.0,2,0,3.0,0,2.0,1.0,1,4,1
1,24.362124,1.716677,85.261339,1,1,2.0,2.676148,2,0,2.083939,0,0.632164,0.993786,1,3,6
1,22.869778,1.795311,89.868784,1,1,1.57223,1.888067,2,0,2.0,0,0.0,0.552498,1,3,6
1,20.068432,1.657132,105.580491,1,1,2.724121,1.437959,2,0,1.590418,0,0.029603,1.122118,2,3,3
0,34.044229,1.665807,77.098973,1,1,2.976975,1.346987,2,0,1.868349,0,0.702538,0.879333,2,0,6
0,38.952866,1.568441,62.855073,1,1,2.002796,3.0,2,0,2.526775,0,0.271174,0.806069,1,0,5
1,21.0,1.88,84.0,1,1,3.0,3.0,2,0,3.0,0,2.0,1.0,1,4,1
0,19.529746,1.751038,133.843033,1,1,3.0,3.0,2,0,2.955075,0,1.46046,0.655558,1,3,4
0,17.451085,1.6,65.0,1,1,3.0,2.449723,2,0,2.0,1,0.479592,1.720642,1,3,5
1,24.0,1.66,67.0,1,1,3.0,1.0,2,0,2.0,0,1.0,0.0,2,3,1
0,24.469756,1.663341,113.077187,1,1,3.0,3.0,2,0,2.632224,0,0.300964,0.26956,1,3,4
1,39.08886,1.75,119.029103,1,1,2.702457,3.0,2,0,2.005194,0,0.325313,0.419055,1,0,3
1,18.0,1.85,66.0,0,1,2.0,3.0,1,0,1.0,0,1.0,1.0,1,3,1
1,29.881301,1.758189,108.721893,1,1,3.0,3.0,2,0,1.271178,0,1.944728,0.0,1,0,2
0,20.0,1.62,45.0,0,1,3.0,3.0,1,0,1.0,0,1.0,0.0,1,3,0
0,26.0,1.643332,110.824698,1,1,3.0,3.0,2,0,2.709654,0,0.0,0.25115,1,3,4
1,28.825223,1.765874,82.045045,1,1,1.064162,3.98955,2,0,2.028426,0,0.81517,0.894678,1,3,5
1,18.0,1.758787,85.050558,1,1,2.846981,3.0,2,0,2.87781,0,1.0,0.429081,1,3,6
1,23.0,1.72,76.0,1,0,3.0,4.0,1,0,1.0,0,0.0,0.0,1,3,5
0,26.0,1.630927,111.485516,1,1,3.0,3.0,2,0,2.444125,0,0.0,0.26579,1,3,4
0,19.872667,1.817231,152.371911,1,1,3.0,3.0,2,0,2.305521,0,1.956278,0.92376,1,3,4
0,21.0,1.75,78.0,1,0,2.0,3.0,1,0,2.0,1,0.0,2.0,0,3,5
0,22.422674,1.70011,50.173425,1,1,2.674431,3.0,1,0,2.453384,0,1.321624,1.990617,2,3,0
0,19.633898,1.66084,49.039794,0,0,2.750715,3.0,1,0,2.0,0,1.067817,1.0,1,3,0
1,24.982997,1.78968,118.436166,1,1,1.469384,2.996444,2,0,2.067741,0,1.082236,0.150544,1,3,3
1,30.551762,1.784377,102.872505,1,1,2.271306,3.0,2,0,1.771198,0,2.0,0.413752,1,0,2
0,18.024853,1.7,50.0,0,1,1.0816,3.520555,1,0,1.016968,0,0.651412,1.0,1,3,0
1,30.02019,1.75834,112.010504,1,1,1.868212,3.0,2,0,2.023328,0,0.0,0.613992,1,0,3
1,18.0,1.7,55.3,1,1,3.0,3.0,2,0,2.0,0,3.0,0.0,1,3,1
0,18.0,1.6,60.0,1,1,3.0,1.0,2,0,1.0,1,0.0,2.0,2,4,1
1,25.632447,1.836943,96.192662,1,1,1.317729,2.278652,2,0,2.0,0,1.80674,1.93977,1,3,6
0,40.789529,1.549748,80.0,1,1,2.0,1.099151,2,0,1.687611,0,1.874662,0.0,1,0,2
1,18.011718,1.680991,79.752916,1,1,2.413156,2.521546,2,0,1.985312,0,0.00705,0.965464,1,3,6
1,39.759575,1.792507,101.780099,1,1,2.33361,2.113575,2,0,2.504136,0,2.998981,1.0,1,0,2
1,30.638944,1.680489,102.004554,1,1,2.938687,2.138375,2,0,1.251715,0,1.181811,0.778375,2,3,3
1,21.587743,1.664752,94.256547,1,1,2.0,2.976098,2,0,2.0,0,0.0,1.39322,2,3,2
1,19.850524,1.785062,104.187314,1,1,2.0,3.0,2,0,2.15157,0,1.605983,0.0,2,3,2
1,23.0,1.715118,81.650778,1,1,2.0,1.976744,2,0,1.628997,0,0.880584,1.127675,1,3,6
1,20.0,1.8,85.0,1,0,2.0,3.0,2,0,3.0,0,2.0,1.0,1,3,5
1,37.186795,1.704877,107.94747,1,1,2.549782,3.985442,2,0,1.0,0,1.976582,0.0,2,3,3
0,19.376997,1.600264,45.0,0,0,3.0,3.0,1,0,2.949419,1,1.295697,0.0,1,3,0
0,23.0,1.644161,84.340406,1,1,2.177243,3.0,2,0,2.715572,0,2.230109,0.070897,2,3,2
1,29.669219,1.909188,129.19449,1,1,2.432355,3.0,2,0,1.336526,0,1.63812,0.090341,1,3,3
1,40.564513,1.748015,109.758736,1,1,2.310751,3.220181,2,0,1.006643,0,1.15804,0.0,2,0,3
1,39.825592,1.706741,108.012603,1,1,2.487781,3.755976,2,0,1.0,0,1.860765,0.0,2,0,3
0,21.695892,1.755476,133.870501,1,1,3.0,3.0,2,0,1.959287,0,1.433151,0.911335,1,3,4
1,30.64243,1.653876,102.583895,1,1,2.919526,2.142328,2,0,1.175714,0,0.958555,0.636289,2,3,3
1,25.523127,1.786532,114.534678,1,1,2.100177,3.0,2,0,2.099687,0,1.281165,0.247332,1,3,3
1,17.758315,1.854162,59.881316,1,1,2.966126,3.96981,2,0,2.0,0,2.000088,0.378619,2,0,0
1,18.0,1.72,53.0,1,1,2.0,3.0,2,0,2.0,0,0.0,2.0,1,3,0
1,31.761799,1.751688,119.205308,1,1,2.14961,3.0,2,0,2.133876,0,0.393452,0.345887,1,0,3
1,25.0,1.7,83.0,1,1,2.0,3.0,1,0,2.0,0,0.0,1.0,1,3,6
1,22.789402,1.64187,104.270062,1,1,2.869833,1.569176,2,0,1.533682,0,0.167943,1.368262,2,3,3
0,18.0,1.62,68.0,0,0,2.0,1.0,2,0,1.0,0,0.0,2.0,2,3,5
1,18.0,1.79,52.0,0,0,3.0,3.0,2,0,2.0,0,1.0,1.0,1,3,0
0,17.992717,1.618683,67.193585,1,1,1.952987,1.0,2,0,1.334856,1,0.732276,1.890214,2,3,5
1,31.327609,1.737984,82.523113,1,1,2.300408,3.071028,2,0,1.738959,0,0.090147,0.0,1,0,6
1,23.455324,1.702516,75.0,1,1,2.162519,3.0,2,0,2.152666,0,1.078074,1.502839,1,3,5
1,27.474245,1.84342,120.420406,1,1,2.765063,3.0,2,0,2.867206,0,0.706777,0.677909,1,3,3
1,22.735328,1.723921,94.743892,1,1,2.0,3.0,2,0,2.183149,0,1.932386,0.212767,2,3,2
0,16.611837,1.830068,43.534531,0,1,2.945967,3.0,2,0,2.953192,0,2.830911,1.466667,1,3,0
1,20.0,1.81,79.0,1,0,3.0,1.0,2,0,2.0,0,0.0,0.0,1,3,1
1,21.0,1.62,70.0,0,1,2.0,1.0,3,0,3.0,0,1.0,0.0,1,3,5
1,23.807181,1.729177,82.52724,1,1,2.742796,2.937607,2,0,1.99467,0,1.0,0.023564,1,3,6
0,24.0,1.5,63.0,1,0,2.0,1.0,2,0,2.0,0,0.0,0.0,2,3,6
0,30.163408,1.533364,78.030383,1,1,2.028225,1.923607,2,0,1.798917,0,0.0,0.0,2,3,2
0,23.090215,1.596586,80.726195,1,1,1.518966,1.0,2,0,2.0,0,0.0,1.094046,2,3,2
1,23.285553,1.717775,85.312639,1,1,2.951591,3.0,2,0,2.971557,0,0.0,0.947192,1,3,6
0,20.901393,1.709585,75.0,1,1,2.104105,3.0,2,0,1.871033,0,1.0,0.0,1,3,5
0,19.755797,1.542328,63.856193,0,1,2.628791,2.762883,2,0,1.512035,1,0.303722,0.003229,1,3,5
0,18.0,1.54,71.0,0,0,3.0,4.0,1,0,2.0,0,1.0,1.0,2,3,6
1,23.411141,1.755142,119.192922,1,1,2.007845,2.954446,2,0,1.968796,0,1.587406,0.838947,1,3,3
1,27.0,1.72,88.0,1,1,2.0,1.0,0,0,2.0,0,0.0,0.0,1,0,6
0,24.291205,1.71146,113.372851,1,1,3.0,3.0,2,0,2.796894,0,0.382189,0.16779,1,3,4
1,26.774115,1.755938,112.287678,1,1,1.428289,3.0,2,0,2.117733,0,0.485322,0.696948,1,0,3
0,19.0,1.559567,42.12617,0,1,3.0,1.989398,2,0,2.241607,0,0.206025,0.284453,2,3,0
0,18.019572,1.701378,50.088468,0,1,1.601236,3.433908,2,0,1.055019,0,0.819269,1.030848,1,3,0
0,43.719395,1.584322,80.986496,1,1,2.186322,2.900915,2,0,2.471033,0,0.256113,0.0,2,0,2
1,17.06713,1.896734,59.895052,1,1,2.842102,3.34175,2,0,2.0,0,2.511157,0.560351,2,0,0
1,24.079971,1.61981,98.54302,1,1,2.95841,2.434347,2,0,1.0,0,1.930033,0.754023,2,3,3
1,18.0,1.783906,109.207614,1,1,2.0,1.867836,2,0,2.438398,0,1.0,0.802305,2,3,2
0,23.0,1.717601,51.073918,1,1,2.0,3.0,1,0,1.426874,0,2.20208,2.0,2,3,0
1,21.413642,1.709484,75.0,1,1,2.0,3.0,2,0,2.843777,0,2.022315,0.009254,1,3,5
1,30.079371,1.810616,92.860254,1,1,2.0,3.0,2,0,1.622638,0,0.033745,0.105895,1,3,6
0,25.982113,1.627818,105.428628,1,1,3.0,3.0,2,0,1.48075,0,0.098043,0.663492,1,3,4
1,22.975526,1.701986,95.0,1,1,2.0,3.0,2,0,2.02127,0,1.814869,1.066603,2,3,2
1,22.580038,1.849507,121.560938,1,1,3.0,2.272801,2,0,1.560064,0,0.79677,0.0,1,3,3
1,23.0,1.71,50.0,1,1,2.0,3.0,0,0,3.0,0,0.0,2.0,2,3,0
1,21.037514,1.636592,70.0,0,1,2.0,1.0,3,0,2.881677,0,0.915699,0.0,1,3,5
0,42.337283,1.64639,86.639861,1,1,2.81646,2.27374,2,0,1.722063,0,0.0,0.0,2,0,2
0,26.595893,1.660756,78.574786,1,1,2.0,2.597608,2,0,2.0,0,0.0,0.434198,0,3,6
1,35.0,1.78,105.0,1,1,3.0,1.0,3,0,3.0,0,3.0,1.0,0,0,2
0,25.12791,1.668537,112.555456,1,1,3.0,3.0,2,0,2.868679,0,0.115369,0.028583,1,3,4
1,30.475248,1.801368,121.094257,1,1,2.328469,3.0,2,0,2.001208,0,0.800487,0.176678,1,0,3
0,23.586058,1.700499,81.108599,1,1,2.042762,2.9774,2,0,1.522426,0,0.501417,1.029135,1,3,6
1,40.794057,1.735851,109.889334,1,1,2.305349,3.169089,2,0,1.02161,0,0.908981,0.0,2,0,3
1,29.153907,1.773656,87.070234,0,1,1.595746,3.618722,2,0,1.274389,0,1.504003,0.370067,2,0,5
1,19.637947,1.809101,85.0,1,1,3.0,3.0,2,0,2.229171,0,1.607953,0.628059,1,3,5
1,23.0,1.77,60.0,1,1,3.0,1.0,2,0,1.0,0,1.0,1.0,1,3,1
0,21.868932,1.731261,78.175706,1,1,2.577427,1.0,2,0,2.0,0,2.287423,0.0,1,3,5
1,36.67933,1.780725,98.790167,1,1,2.540949,1.116401,2,0,2.929123,0,2.787319,0.732881,0,0,2
1,18.128249,1.699437,52.08657,1,1,2.853513,3.0,2,0,2.0,0,0.680464,1.258881,1,3,0
1,30.350516,1.860292,123.721352,1,1,2.002784,3.0,2,0,2.292906,0,1.034031,0.0,1,0,3
1,22.0,1.68,55.0,1,1,2.0,3.0,2,0,2.0,0,0.0,2.0,1,0,1
1,25.0,1.89,75.0,0,0,3.0,3.0,1,0,2.0,1,3.0,0.0,2,3,1
1,31.264628,1.803129,91.052215,1,1,2.0,3.0,2,0,1.199517,0,0.047738,0.163329,1,3,6
1,21.709159,1.658393,80.0,1,1,2.0,3.0,2,0,2.0,0,2.939733,1.692287,2,3,6
1,21.0,1.85,83.0,1,1,2.0,1.0,1,0,3.0,0,1.0,0.0,2,3,1
1,19.685,1.838266,89.496905,1,1,2.153639,3.715148,2,0,2.703337,0,2.0,0.226097,1,3,5
0,22.518787,1.634342,82.414477,1,1,1.853314,1.320768,2,0,2.135552,0,0.248034,1.727828,1,3,2
1,27.0,1.83,99.0,1,1,3.0,1.0,1,0,2.0,0,2.0,1.0,1,4,6
0,19.774317,1.541039,64.726948,0,1,2.706134,2.669766,2,0,1.979848,1,0.445238,0.908836,1,3,5
1,36.023972,1.670667,90.575934,1,1,2.903545,1.508685,2,0,2.450069,0,1.45473,0.0,1,0,2
0,23.0,1.6,83.0,1,1,3.0,3.0,1,0,3.0,0,3.0,0.0,2,3,2
0,23.69484,1.637524,113.90506,1,1,3.0,3.0,2,0,2.495961,0,0.189831,0.652289,1,3,4
0,18.540535,1.564568,41.397378,0,1,2.658112,1.0,2,0,1.298165,0,0.0,1.639326,1,3,0
0,21.0,1.6,61.0,0,1,2.0,3.0,2,0,1.0,0,1.0,1.0,1,3,1
1,31.783845,1.75,120.0,1,1,2.941627,3.0,2,0,2.318134,0,0.582686,1.588046,1,0,3
1,23.0,1.654961,94.790579,1,1,2.0,3.0,2,0,1.490613,0,0.654316,1.0,2,3,2
0,19.0,1.69,70.0,1,0,2.0,1.0,3,0,2.0,0,2.0,0.0,2,3,1
1,18.0,1.85,60.0,1,1,3.0,4.0,2,0,2.0,1,2.0,0.0,1,0,0
1,25.486521,1.762461,115.531622,1,1,2.178308,3.0,2,0,2.165804,0,1.420675,1.875683,1,3,3
0,25.974446,1.628855,108.090006,1,1,3.0,3.0,2,0,1.757105,0,0.085119,0.465444,1,3,4
0,20.217015,1.71582,129.466541,1,1,3.0,3.0,2,0,1.755907,0,1.48809,0.857718,1,3,4
0,19.052833,1.546551,42.069992,0,1,3.0,1.735493,2,0,2.318736,0,1.193486,0.74568,2,3,0
1,21.980847,1.819875,106.048516,1,1,2.0,3.0,2,0,2.745242,0,0.0,0.80898,1,3,2
0,17.0,1.63,65.0,0,1,2.0,1.0,2,0,3.0,0,1.0,1.0,2,3,1
0,22.0,1.69,65.0,1,1,2.0,3.0,2,0,2.0,0,1.0,1.0,1,3,1
1,17.441593,1.7,83.414072,1,0,2.061384,2.579291,2,0,1.909253,0,1.0,0.962468,1,3,6
0,18.91505,1.633316,45.0,0,1,3.0,3.0,2,0,2.924594,1,1.352558,0.220087,1,3,0
1,21.180346,1.773766,89.28282,1,1,2.010684,1.322087,2,0,2.0,0,0.540397,0.973834,1,3,6
1,18.0,1.719827,52.289828,1,1,1.202075,3.0,2,0,1.927976,0,0.023574,1.747256,1,3,0
1,20.924808,1.803245,105.686091,1,1,2.0,3.0,2,0,2.290368,0,0.001086,0.544128,1,3,2
1,33.55336,1.699793,103.841672,1,1,2.576449,2.419656,2,0,1.0,0,1.982379,0.0,2,3,3
1,30.686701,1.644517,100.004418,1,1,2.96405,2.123138,2,0,1.0,0,1.699181,0.620465,2,3,3
0,21.28253,1.761773,133.903469,1,1,3.0,3.0,2,0,2.893062,0,1.408177,0.807457,1,3,4
0,34.772902,1.675612,73.501233,1,1,3.0,2.400943,2,0,1.509734,0,0.167125,0.0,1,0,5
0,18.10682,1.602129,82.412665,1,1,2.319648,3.0,2,0,1.107164,0,0.692123,0.30402,2,3,2
1,27.93982,1.694642,99.709329,1,1,2.772027,2.454432,2,0,1.0,0,0.858554,0.051268,2,3,3
1,22.814657,1.716289,75.688433,1,1,2.0,3.0,2,0,2.0,0,0.092344,1.466496,1,3,5
1,25.45763,1.837399,95.952027,1,1,1.122127,2.865657,2,0,2.0,0,1.28775,1.944177,1,3,6
1,31.965402,1.840708,98.259423,1,1,2.333503,1.820779,2,0,2.559265,0,1.327193,0.481357,1,0,6
0,43.37634,1.582523,81.919454,1,1,2.76632,1.317884,2,0,1.889341,0,0.990642,0.0,2,0,2
0,18.94093,1.746411,133.676663,1,1,3.0,3.0,2,0,2.864933,0,1.501647,0.786846,1,3,4
0,43.726081,1.592316,77.00103,1,1,2.0,3.0,2,0,2.806922,0,0.0,0.0,1,0,2
0,21.760734,1.73581,135.346677,1,1,3.0,3.0,2,0,2.611654,0,1.618512,0.868788,1,3,4
1,23.0,1.799406,106.528811,1,1,2.123159,3.0,2,0,2.415343,0,0.295178,0.569852,1,3,2
0,18.0,1.683,90.924208,1,1,2.387426,3.0,2,0,1.77962,0,0.743005,0.920162,1,3,2
0,18.874591,1.533609,41.669346,0,1,2.762325,1.163666,2,0,1.30491,0,0.25289,1.001405,1,3,0
1,23.94003,1.721348,83.986714,1,1,2.407817,2.844138,2,0,1.983649,0,0.868721,0.089354,1,3,6
0,36.0,1.58,60.0,1,0,3.0,3.0,2,0,1.0,0,2.0,0.0,1,0,1
1,23.245408,1.707968,75.383716,1,1,2.5621,3.105007,2,0,1.172427,0,0.184917,0.923082,1,3,5
1,23.154311,1.723072,82.338464,1,1,2.315932,2.658478,2,0,1.568476,0,0.949976,0.544899,1,3,6
0,21.009437,1.60681,67.773914,1,1,2.0,3.156309,3,0,3.0,0,1.179592,0.086868,1,3,5
0,19.0,1.530875,42.0,0,0,2.844607,1.273128,1,0,1.69551,0,0.260079,0.635867,1,3,0
0,21.813083,1.712515,51.710723,1,1,2.8813,3.087544,1,0,1.24818,0,1.952427,0.427461,2,3,0
1,23.0,1.68,70.0,0,1,2.0,3.0,2,0,2.0,0,2.0,2.0,0,4,1
0,24.023972,1.599697,64.808022,0,1,2.903545,3.0,2,0,1.549931,0,0.0,0.273882,1,3,5
1,17.971574,1.720379,85.0,1,1,2.0,3.0,2,0,2.802498,0,1.0,0.41758,1,3,6
0,25.962949,1.623812,109.996742,1,1,3.0,3.0,2,0,2.395387,0,0.000272,0.461532,1,3,4
1,24.079524,1.733439,97.911865,1,1,2.0,3.0,2,0,2.843675,0,1.309304,1.338655,2,3,2
1,26.899886,1.812919,119.841446,1,1,2.347942,3.0,2,0,2.730663,0,0.689371,0.188693,1,3,3
1,22.675679,1.823765,96.945262,1,1,1.588782,2.601675,2,0,2.469469,0,1.736538,1.886855,1,3,6
0,20.634694,1.568188,67.904023,1,0,2.512719,3.0,2,0,1.131169,0,0.095389,1.0,2,3,6
1,21.746113,1.668553,94.454394,1,1,2.0,2.968098,2,0,2.0,0,0.0,1.292476,2,3,2
1,19.478533,1.804099,85.196279,1,1,2.459976,3.30846,2,0,2.078011,0,1.779646,0.871772,1,3,5
1,25.124595,1.77151,113.207124,1,1,1.457758,3.0,2,0,2.020249,0,1.556709,0.00133,1,3,3
0,28.167799,1.658202,78.0,1,1,2.938031,1.532833,2,0,1.931242,0,0.525002,0.371941,0,0,6
0,22.061461,1.6,82.040318,1,1,1.362441,2.57038,2,0,2.166228,0,2.232851,1.281141,2,3,2
0,19.0,1.779882,80.091886,1,1,1.078529,1.211606,2,0,2.568063,0,3.0,0.817983,2,3,5
0,45.821267,1.687326,80.413997,1,1,2.076689,3.0,2,0,1.026729,0,0.647798,0.0,2,0,6
0,22.0,1.67,50.0,1,0,3.0,3.0,3,0,3.0,1,2.0,1.0,1,3,0
1,17.0,1.74,56.0,1,1,2.0,3.0,2,0,2.0,0,2.0,1.0,2,3,1
0,21.0,1.5,42.3,1,0,1.0,1.0,2,0,2.0,0,3.0,0.0,2,3,1
1,21.721507,1.849998,122.119682,1,1,3.0,2.014671,2,0,1.292786,0,0.145687,0.0,1,3,3
1,34.0,1.78,73.0,0,1,2.0,3.0,2,0,2.0,0,3.0,1.0,1,0,1
0,25.895546,1.626179,110.074019,1,1,3.0,3.0,2,0,1.967707,0,0.01437,0.434073,1,3,4
1,22.661556,1.660324,94.189167,1,1,2.0,3.0,2,0,2.0,0,0.0,0.105936,2,3,2
1,21.0,1.75,62.0,0,1,3.0,4.0,1,1,2.0,0,0.0,0.0,1,3,1
0,22.679935,1.6084,82.603984,1,1,2.699282,1.0,2,0,2.598632,0,0.292093,2.0,1,3,2
0,19.673262,1.599486,44.810751,0,0,3.0,2.974568,1,0,1.145761,1,0.87967,0.0,1,3,0
0,40.702771,1.548403,80.0,1,1,2.0,3.0,2,0,1.326165,0,0.0,0.0,1,0,2
0,22.142432,1.59611,42.848033,0,0,3.0,2.581015,1,0,2.654702,0,0.902095,0.0,2,3,0
1,25.498751,1.885543,121.253083,1,1,2.408561,3.0,2,0,2.851904,0,1.320065,0.0,1,3,3
1,26.684354,1.819535,118.332689,1,1,1.975675,3.0,2,0,2.357969,0,0.704236,0.010721,1,3,3
1,20.0,1.84,104.0,1,0,2.0,3.0,2,0,3.0,0,3.0,0.0,2,2,2
1,25.0,1.78,98.0,1,0,2.0,3.0,2,0,3.0,0,3.0,2.0,2,3,2
1,30.796262,1.668478,100.543983,1,1,2.9553,2.378211,2,0,1.0,0,1.738267,0.394533,2,3,3
0,21.572114,1.751067,133.845064,1,1,3.0,3.0,2,0,2.748569,0,1.427037,0.902825,1,3,4
1,21.0,1.62,70.0,0,1,2.0,1.0,3,0,3.0,0,1.0,0.0,1,3,5
1,27.439056,1.785277,112.740797,1,1,2.155182,3.0,2,0,2.049079,0,0.0,1.74992,1,0,3
1,17.908114,1.793926,59.682591,1,1,2.568063,4.0,2,0,2.0,0,2.0,0.220029,2,0,0
0,26.0,1.627567,107.482662,1,1,3.0,3.0,2,0,2.687378,0,0.0,0.410651,1,3,4
1,34.647036,1.769499,85.0,1,1,2.802696,3.0,2,0,2.978465,0,1.974656,0.936925,2,0,6
1,20.654752,1.780791,102.921218,1,1,2.0,3.0,2,0,1.613829,0,1.251665,0.0,1,3,2
1,22.0,1.72,82.0,0,1,2.0,1.0,2,0,2.0,0,2.0,1.0,1,3,6
0,18.0,1.7,50.0,0,0,2.0,3.0,2,0,2.0,0,0.0,1.0,1,4,0
1,21.0,1.71,75.0,0,0,2.0,3.0,1,0,3.0,1,3.0,1.0,0,0,5
0,26.0,1.65782,111.95611,1,1,3.0,3.0,2,0,2.777557,0,0.0,0.051858,1,3,4
1,30.899219,1.909639,129.013178,1,1,2.22259,3.0,2,1,1.591909,0,1.392026,0.917727,1,3,3
0,23.455303,1.677672,114.470482,1,1,3.0,3.0,2,0,2.426094,0,0.294763,0.737226,1,3,4
0,18.0,1.498561,55.376512,0,1,2.0,3.0,2,0,1.274718,1,0.129902,0.978574,1,3,5
1,22.052152,1.792527,89.994415,1,1,1.771693,1.890213,2,0,2.0,0,0.0,1.36595,1,3,6
1,30.79626,1.789421,109.599453,1,1,2.21498,2.282392,2,0,1.179942,0,1.771754,0.537659,1,0,2
0,25.959772,1.642098,104.966758,1,1,3.0,3.0,2,0,1.482002,0,0.204108,0.657221,1,3,4
1,24.622054,1.756509,117.368716,1,1,1.451337,3.0,2,0,2.0,0,1.384607,0.631217,1,3,3
1,36.542885,1.75,119.434645,1,1,2.72989,3.0,2,0,2.030084,0,0.592607,0.754417,1,0,3
0,18.0,1.64,59.0,1,1,2.0,3.0,2,0,1.0,0,1.0,1.0,1,3,1
0,22.0,1.69,65.0,1,1,2.0,3.0,2,0,2.0,0,1.0,1.0,1,3,1
0,29.970445,1.610863,49.516027,1,1,2.059138,3.904858,1,0,2.0,0,0.821977,0.0,2,3,0
0,20.244359,1.559186,41.952805,0,1,2.619835,1.0,1,0,1.198883,0,0.0,0.751212,1,3,0
1,21.086512,1.863685,89.558854,1,1,2.0,3.0,2,0,1.005727,0,0.0,0.798219,1,3,5
0,21.291969,1.8002,155.242672,1,1,3.0,3.0,2,0,2.351193,0,1.051889,0.686491,1,3,4
1,17.038222,1.710564,51.588874,0,1,2.0,2.057935,2,0,2.371015,0,0.288032,0.714627,1,3,0
0,21.198217,1.743841,78.88036,1,1,2.510583,1.0,2,0,2.0,0,2.119682,0.0,1,3,5
0,19.0,1.63,58.0,0,0,3.0,3.0,2,0,2.0,1,0.0,0.0,2,3,1
0,22.857123,1.62686,82.410189,1,1,2.640801,1.015488,2,0,2.022355,0,0.244749,0.289218,1,3,2
0,17.402028,1.710756,50.0,0,1,2.015258,3.300666,2,0,1.315608,0,0.069802,1.0,1,3,0
0,21.012542,1.615145,68.653347,1,1,1.729824,3.612941,3,0,2.043703,0,0.562118,0.426643,1,3,5
0,39.12631,1.562889,76.65949,1,1,2.0,3.0,2,0,1.440526,0,0.0,0.0,1,0,2
1,18.0,1.8,80.0,1,1,2.0,3.0,1,0,1.0,0,0.0,1.0,0,3,1
0,38.943282,1.554728,63.011645,1,1,2.869436,3.0,2,0,2.972426,0,2.16079,0.305954,1,0,5
0,28.770852,1.532897,65.031879,1,0,2.0,1.0,2,0,1.0,0,0.262171,0.0,2,3,6
0,25.483381,1.565288,64.848627,1,0,2.0,1.0,2,0,1.0,0,0.740633,0.0,2,3,6
0,39.392569,1.706349,85.720788,1,1,2.944287,1.466393,2,0,2.442775,0,0.675262,0.779334,2,0,6
1,17.570089,1.7,83.199034,1,0,2.097373,2.547086,2,0,1.538626,0,1.0,0.761898,2,3,6
0,43.510672,1.587546,76.126112,1,1,2.0,3.0,2,0,2.091934,0,0.0,0.0,1,0,2
1,27.968765,1.673767,89.995034,1,1,1.961069,3.0,2,0,2.652327,0,0.56931,0.319008,1,0,2
1,26.288417,1.767806,82.694689,1,1,1.947405,3.118013,2,0,2.136159,0,0.783963,0.88868,2,3,5
0,26.220065,1.560258,78.435904,1,1,2.108163,1.231915,2,0,1.808127,0,0.0,0.0,1,0,2
0,20.0,1.62,53.0,0,1,3.0,1.0,2,0,3.0,0,1.0,1.0,2,3,1
0,26.0,1.656465,111.949972,1,1,3.0,3.0,2,0,2.784303,0,0.0,0.127775,1,3,4
0,33.0,1.63,62.0,1,1,2.0,3.0,2,0,2.0,0,1.0,1.0,2,3,1
1,26.607478,1.793174,118.165082,1,1,2.002076,3.0,2,0,2.338373,0,0.897562,0.081156,1,3,3
1,30.967417,1.688436,90.0,1,1,2.180047,2.733077,2,0,2.77962,0,1.454129,0.0,1,0,2
1,22.908879,1.876898,121.277832,1,1,2.630137,2.806298,2,0,1.970508,0,1.304291,0.0,1,3,3
0,21.67447,1.71978,132.262558,1,1,3.0,3.0,2,0,1.777805,0,1.584716,0.927341,1,3,4
1,33.0,1.85,99.0,1,1,2.0,3.0,2,1,3.0,0,1.0,0.0,1,0,6
1,19.241058,1.856811,88.633616,1,1,2.047069,3.829101,2,0,1.641022,0,1.554817,0.248218,1,3,5
0,25.986368,1.668951,112.249699,1,1,3.0,3.0,2,0,2.930137,0,0.043101,0.138629,1,3,4
1,20.0,1.72,70.0,1,1,3.0,3.0,1,0,1.0,0,0.0,0.0,1,3,1
0,18.503343,1.683124,126.67378,1,1,3.0,3.0,2,0,1.115967,0,1.541072,1.0,1,3,4
0,38.895069,1.549257,80.0,1,1,2.736628,1.130751,2,0,1.385175,0,1.666965,0.0,1,0,2
1,21.380336,1.724839,82.27635,1,1,2.09449,1.873484,2,0,2.0,0,2.079709,0.880414,1,3,6
0,20.0,1.61,64.0,1,0,3.0,3.0,0,0,2.0,1,0.0,1.0,0,3,1
1,20.101026,1.619128,104.303711,1,1,2.870895,1.627555,2,0,1.375728,0,0.210181,1.163117,2,3,3
1,20.803186,1.882533,117.468516,1,1,2.0,2.18162,2,0,2.325091,0,0.891444,1.223661,1,3,2
0,25.955014,1.626449,104.879602,1,1,3.0,3.0,2,0,2.094901,0,0.07089,0.599441,1,3,4
0,25.42724,1.683502,104.759643,1,1,3.0,3.0,2,0,1.525127,0,0.220825,0.896105,1,3,4
1,23.237302,1.761008,97.829344,1,1,2.0,3.0,2,0,2.988771,0,2.429923,1.978043,2,3,2
0,17.764764,1.78656,50.0,0,1,2.784464,4.0,2,0,1.0,0,2.0,1.0,1,3,0
0,21.0,1.5,65.0,1,0,2.0,3.0,2,0,2.0,0,2.0,2.0,1,3,6
0,26.0,1.638836,110.970479,1,1,3.0,3.0,2,0,2.644135,0,0.0,0.357581,1,3,4
1,23.0,1.68,62.0,0,0,2.0,4.0,1,0,2.0,0,0.0,0.0,1,0,1
